8.755784940162329,3.785009021137434,0.0,0.0,3.703523662921694,-0.4261238116378116,7.407047325843388,-0.8522476232756232,11.110570988765083,-1.2783714349134347,14.814094651686776,-1.7044952465512486,18.51761831460847,-2.1306190581890663,22.221141977530163,-2.556742869826884,25.924665640451856,-2.982866681464702,29.62818930337355,-3.4089904931025194,33.33171296629524,-3.8351143047403373,37.04067605389022,-4.073056427761346,40.76263002912923,-3.8615673479764805,44.48458400436822,-3.650078268191615,48.206537979607226,-3.4385891884067497,51.92849195484623,-3.227100108621884,55.65044593008523,-3.015611028837021,59.37239990532424,-2.8041219490521616,63.09435388056324,-2.592632869267302,66.81630785580225,-2.3811437894824428,70.53826183104124,-2.1696547096975833,74.21651006255259,-1.6384849955343932,77.85864633644638,-0.8431785218698913,81.50078261034018,-0.04787204820538937,85.14291888423398,0.7474344254591125,88.78505515812778,1.5427408991236145,92.42719143202159,2.3380473727881137,96.06932770591538,3.13335384645261,99.71146397980918,3.928660320117106,103.35360025370298,4.723966793781602,106.99573652759678,5.519273267446099
8.609903817476008,3.5616498847779816,0.0,0.0,3.9006641621554454,-0.99571074326051,7.901238694358608,-1.4126831100163078,11.909969608927884,-1.7824090149037173,15.91870052349716,-2.152134919791127,19.927431438066435,-2.521860824678537,23.936162352635712,-2.8915867295659456,27.94489326720499,-3.261312634453349,31.953624181774266,-3.6310385393407527,35.96235509634354,-4.000764444228156,39.97108601091281,-4.370490349115559,43.979534700531424,-4.5173790248713255,47.98731623526426,-4.137500149408664,51.99509776999709,-3.757621273946002,56.002879304729916,-3.37774239848334,60.010660839462744,-2.9978635230206763,64.01844237419557,-2.617984647558001,68.0262239089284,-2.2381057720953255,72.03400544366123,-1.85822689663265,76.04178697839406,-1.4783480211699749,80.04956851312689,-1.098469145707314,84.05735004785971,-0.7185902702446525,88.06513158259254,-0.3387113947819911,92.07291311732537,0.041167480680670554,95.95927089805063,1.0535495752365498,99.82281760366904,2.184755853363316,103.68636430928743,3.315962131490082,107.54991101490583,4.447168409616848,111.41345772052424,5.578374687743614,115.27700442614264,6.70958096587038
10.133090618156057,5.363070593383682,0.0,0.0,3.592193149290508,-0.7435987498781353,7.184386298581016,-1.4871974997562707,10.838521060689272,-1.7036771313858379,14.505239445874233,-1.8130709446321918,18.171957831059192,-1.9224647578785456,21.838676216244153,-2.0318585711248995,25.505394601429114,-2.141252384371253,29.172112986614078,-2.2506461976176073,32.83883137179904,-2.3600400108639636,36.505549756983996,-2.469433824110326,40.17226814216895,-2.5788276373566887,43.83898652735391,-2.6882214506030513,47.50570491253887,-2.7976152638494134,51.172423297723824,-2.907009077095776,54.83914168290878,-3.016402890342138,58.478352044446964,-2.6407852510980483,62.10918734945248,-2.1175016658831085,65.74002265445802,-1.5942180806681687,69.37085795946354,-1.0709344954532278,73.00169326446908,-0.5476509102382889,76.63252856947462,-0.024367325023360253,80.26336387448015,0.49891626019156843,83.89419917948568,1.022199845406497,87.52503448449121,1.5454834306214256,91.15586978949675,2.0687670158363587,94.78670509450228,2.5920506010512927,98.41754039950781,3.115334186266227,102.04837570451335,3.638617771481161,105.67921100951888,4.161901356696095
9.49802053318615,4.553186303007006,0.0,0.0,3.6542053413969033,-0.43022624900029893,7.308410682793807,-0.8604524980005979,10.962616024190709,-1.290678747000897,14.616821365587612,-1.720904996001194,18.271026706984514,-2.151131245001487,21.925232048381417,-2.5813574940017805,25.579437389778324,-3.011583743002074,29.23364273117523,-3.4418099920023675,32.89191602517892,-3.721710781129897,36.564041002238206,-3.4897421296274818,40.23616597929749,-3.257773478125066,43.90829095635677,-3.0258048266226503,47.58041593341606,-2.793836175120235,51.25254091047534,-2.561867523617827,54.92466588753463,-2.3298988721154243,58.59679086459391,-2.097930220613021,62.2689158416532,-1.8659615691106177,65.94104081871248,-1.6339929176082133,69.61316579577178,-1.4020242661057913,73.28529077283108,-1.1700556146033692,76.95741574989036,-0.9380869631009472,80.62954072694966,-0.7061183115985252,84.25544787783915,-0.17101492499361642,87.82985500246139,0.701868234353757,91.40426212708364,1.5747513937011304,94.9786692517059,2.4476345530485037,98.55307637632814,3.320517712395877,102.12748350095039,4.1934008717432505,105.70189062557264,5.066284031090624
4.185969068254092,-0.8912133032813188,0.0,0.0,3.676261116592238,-0.8218924585437613,7.417623732616963,-1.172180271283539,11.179066132041957,-1.3770072387147811,14.940508531466946,-1.5818342061460235,18.70195093089194,-1.7866611735772657,22.46339333031693,-1.991488141008508,26.224835729741923,-2.19631510843975,29.986278129166912,-2.4011420758709923,33.7477205285919,-2.6059690433022342,37.5091629280169,-2.810796010733477,41.27060532744189,-3.0156229781647195,45.032047726866885,-3.220449945595962,48.793490126291886,-3.4252769130272043,52.549081681253384,-3.460001198118623,56.28756062113373,-2.9972072624946575,60.026039561014066,-2.534413326870692,63.7645185008944,-2.0716193912467276,67.50299744077472,-1.6088254556227628,71.24147638065504,-1.1460315199987998,74.97995532053538,-0.6832375843748407,78.71843426041572,-0.22044364875088163,82.45691320029604,0.24235028687307758,86.19539214017638,0.7051442224970368,89.9338710800567,1.1679381581209947,93.67235001993704,1.6307320937449479,97.41082895981738,2.093526029368901,101.1493078996977,2.5563199649928543,104.88778683957804,3.0191139006168077,108.62626577945838,3.4819078362407607
12.595967417011853,-144.84163707567913,0.0,0.0,4.132546712979846,0.01945701591972782,8.265093425959693,0.03891403183945191,12.39764013893954,0.05837104775917557,16.53018685191939,0.07782806367889923,20.662733564899234,0.09728507959862288,24.771820886271655,0.3568301539022674,28.82996880816755,1.137699127828781,32.888116730063444,1.9185681017552947,36.94626465195934,2.6994370756818076,41.004412573855234,3.4803060496083207,45.06256049575113,4.261175023534837,49.12070841764702,5.042043997461356,53.17885633954292,5.822912971387874,57.237004261438805,6.603781945314392,61.28140799814519,7.432895701565457,65.14180832155449,8.90789748239503,69.00220864496379,10.382899263224605,72.86260896837308,11.857901044054179,76.72300929178238,13.332902824883753,80.58340961519167,14.807904605713329,84.44380993860096,16.28290638654291,88.30421026201026,17.757908167372488,92.16461058541955,19.23290994820207,96.02501090882885,20.70791172903165,99.6425110713815,22.69114456353697,103.2149976622671,24.768561341261588,106.78748425315267,26.84597811898621,110.35997084403824,28.923394896710825,113.93245743492383,31.000811674435447
5.63819786315016,-178.84416323622793,0.0,0.0,3.764785414439637,-0.4809781852512651,7.485276592387214,-1.210965577654826,11.213964166055645,-1.868437628933028,14.995014720419295,-2.2090998222862464,18.72165414856698,-2.9449941242357096,22.51069792432712,-3.1527159726696308,26.28040060036994,-3.5666931533711095,30.078968973257542,-3.5717945764659684,33.85825817146459,-3.8525029738340066,37.65416273457544,-3.7350369732358226,41.4373709056639,-4.076676820554787,45.225713227322935,-3.961308625945659,49.02000864695235,-3.9787272886564162,52.80950068821042,-3.893676738963686,56.590501613003774,-3.5284181212988672,60.37150253779713,-3.163159503634049,64.15250346259049,-2.7979008859692303,67.93350438738383,-2.4326422683044124,71.71450531217718,-2.0673836506395946,75.44425686649804,-1.3706808742982637,79.15899996913156,-0.5769142004555916,82.87374307176508,0.21685247338708047,86.58848617439861,1.0106191472297463,90.30322927703213,1.8043858210724055,94.01797237966565,2.5981524949150647,97.69147248093665,3.5383224487058924,101.27430479042252,4.800342453765525,104.85713709990839,6.062362458825158,108.43996940939427,7.324382463884791
7.975997540839103,-177.55442642221922,0.0,0.0,3.809977025535465,-0.23953573929913544,7.6199540510709305,-0.4790714785982577,11.429931076606396,-0.7186072178973769,15.239908102141863,-0.9581429571964962,19.049885127677328,-1.1976786964956152,22.85986215321279,-1.4372144357947345,26.66983917874826,-1.6767501750938516,30.47981620428373,-1.9162859143929658,34.28979322981919,-2.1558216536920796,38.099770255354656,-2.395357392991194,41.90974728089012,-2.6348931322903084,45.71961237935174,-2.8262109671457725,49.52843629510558,-2.568989886572636,53.33726021085943,-2.3117688059994994,57.14608412661327,-2.054547725426363,60.95490804236711,-1.797326644853226,64.76373195812094,-1.5401055642800892,68.57255587387479,-1.282884483706947,72.38137978962862,-1.0256634031338052,76.19020370538246,-0.7684423225606632,79.99902762113629,-0.5112212419875213,83.80578825441484,-0.23378730313779883,87.58802743200789,0.2838700246282134,91.37026660960095,0.8015273523942257,95.15250578719399,1.3191846801602378,98.92324763155882,1.9093056089670233,102.67996682962031,2.5878062887204663,106.43668602768179,3.2663069684739092,110.19340522574328,3.9448076482273517
6.744462729966302,-178.61432298986745,0.0,0.0,4.024135104717175,-0.4664168935321117,8.04827020943435,-0.9328337870642234,12.072405314151524,-1.3992506805963352,16.0965404188687,-1.8656675741284383,20.120675523585874,-2.3320844676605352,24.14481062830305,-2.7985013611926317,28.168945733020227,-3.2649182547247286,32.193080837737405,-3.7313351482568256,36.220618875720994,-4.036267530606516,40.2608303321768,-3.739789122096773,44.30104178863261,-3.4433107135870316,48.341253245088424,-3.1468323050772895,52.38146470154423,-2.8503538965675475,56.42167615800004,-2.5538754880578027,60.461887614455854,-2.257397079548055,64.50209907091167,-1.9609186710383066,68.54231052736748,-1.6644402625285588,72.58252198382328,-1.3679618540188108,76.62273344027909,-1.0714834455090578,80.66294489673491,-0.7750050369993039,84.70315635319072,-0.4785266284895501,88.74336780964653,-0.18204821997979614,92.77500557464661,0.17799297452843807,96.74938030619873,0.9625651845825959,100.72375503775085,1.7471373946367537,104.69812976930298,2.5317096046909113,108.6725045008551,3.31628181474506,112.64687923240722,4.100854024799208,116.62951332727646,4.645855387999944
6.967824683045004,181.6157421575822,0.0,0.0,3.73445574460935,-0.82628923923126,7.55491096503448,-1.2113221049251401,11.37536618545961,-1.5963549706190205,15.195821405884741,-1.981387836312901,19.01627662630987,-2.366420702006781,22.836731846735,-2.7514535677006613,26.65718706716013,-3.1364864333945413,30.47764228758526,-3.521519299088421,34.29809750801039,-3.9065521647823007,38.11855272843553,-4.291585030476181,41.94434611708979,-4.179535740289192,45.772189028452374,-3.87663799373215,49.600031939814954,-3.5737402471751074,53.427874851177535,-3.2708425006180653,57.255717762540115,-2.9679447540610226,61.083560673902696,-2.66504700750398,64.91140358526526,-2.362149260946948,68.73924649662784,-2.0592515143899157,72.56708940799042,-1.7563537678328833,76.394932319353,-1.453456021275851,80.22277523071558,-1.1505582747188186,84.03141748819574,-0.7299566317795252,87.75708051729576,0.19932448421035698,91.48274354639577,1.1286056002002391,95.20840657549579,2.0578867161901213,98.93406960459579,2.9871678321800137,102.6597326336958,3.9164489481699127,106.38539566279582,4.845730064159811,110.11105869189582,5.775011180149711
7.634413855772837,182.29541822657788,0.0,0.0,12.252064500067291,-4.7383338379330855,24.903313770929234,-8.478423774459506,37.55456304179117,-12.218513710985928,50.3699926645248,-15.11384757261663,63.50115750276551,-16.384631125288603,76.63232234100622,-17.6554146779606,89.76348717924694,-18.926198230632608,102.88163480483864,-17.911558356342873,111.96200173183894,-15.956623661246017,99.66852387382902,-11.16989377525806,87.3750460158191,-6.383163889270101,75.08156815780916,-1.5964340032821447,62.78809029979924,3.190295882705815,50.494612441789315,7.977025768693771,38.20113458377938,12.76375565468173,25.907656725769456,17.55048554066969,13.614178867759534,22.337215426657643,1.3207010097496124,27.123945312645603,-10.972776848260324,31.910675198633562,-23.266254706270246,36.697405084621515,-35.55973256428018,41.484134970609475,-47.85321042229009,46.270864856597434,-60.146688280300026,51.057594742585394,-72.44016613830996,55.84432462857335,-84.73364399631987,60.63105451456131,-81.5926011112645,54.76982361660167,-71.95042279419637,45.84061067324255,-61.53451643000913,37.74423645639247,-51.11861006582187,29.647862239542434
12.776176391012058,19.486871517309766,0.0,0.0,16.574478022954285,6.781500266022472,33.14895604590857,13.563000532044944,49.72343406886285,20.344500798067415,66.29791209181714,27.126001064089888,82.2529799635201,34.99281011994485,96.52176962163564,45.81425684780488,96.22830455380495,49.4787602498851,78.9440999815848,44.79278757635176,61.659895409364644,40.10681490281843,44.3756908371445,35.420842229285086,27.09148626492434,30.734869555751754,9.807281692704194,26.04889688221842,-7.476922879515968,21.362924208685083,-24.761127451736115,16.67695153515175,-42.04533202395629,11.990978861618402,-59.32953659617644,7.305006188085066,-76.61374116839659,2.619033514551731,-93.89794574061676,-2.0669391589816044,-109.64942590687451,-6.594792143725729,-91.77258944144806,-7.653463754687452,-73.89575297602161,-8.712135365649146,-56.04997652779264,-8.634598106036533,-38.25767595443093,-6.600855767732641,-20.465375381069208,-4.567113429428732,-3.007146637177083,-0.8834308803157822,14.17490387176041,4.164262444340414,31.3569543806979,9.211955768996614,47.565781455946,16.742231002771256,63.60064929231969,24.716256401620196
8.459709200577628,183.68942864728382,0.0,0.0,3.6887686055818345,-0.7989826589365489,7.377537211163669,-1.5979653178730977,11.079988011473006,-2.2841783379906477,14.852796380944152,-2.3904991828703746,18.6256047504153,-2.4968200277501014,22.39841311988645,-2.603140872629828,26.171221489357595,-2.709461717509555,29.944029858828745,-2.815782562389282,33.716838228299885,-2.922103407269008,37.489646597771035,-3.0284242521487315,41.262454967242185,-3.134745097028454,45.03526333671333,-3.241065941908176,48.80807170618448,-3.3473867867878986,52.58088007565563,-3.453707631667621,56.35368844512678,-3.560028476547343,60.106417688672806,-3.341833355758243,63.83734174980839,-2.7712259908854646,67.56826581094396,-2.2006186260126874,71.29918987207954,-1.6300112611399096,75.0301139332151,-1.0594038962671322,78.76103799435069,-0.48879653139435386,82.49196205548625,0.08181083347842466,86.22288611662184,0.6524181983512032,89.9538101777574,1.2230255632239815,93.68473423889297,1.7936329280967596,97.41565830002855,2.3642402929695376,101.14658236116412,2.9348476578423153,104.8775064222997,3.5054550227150933,108.60843048343527,4.076062387587871
22.581004341926253,13.393287193562898,0.0,0.0,3.9158003419104825,-1.4201944367607326,7.848849420760195,-2.8007088506693787,11.781898499609909,-4.1812232645780245,15.824287588722743,-5.164799655936032,19.90948193949048,-5.992979720961422,23.99467629025822,-6.821159785986812,28.134048478869477,-7.228219351853243,32.295838428996184,-7.46102724406158,36.45762837912289,-7.693835136269919,40.61941832924959,-7.926643028478257,44.773440583856285,-7.663022240223496,48.92590936435171,-7.300119869521676,53.07837814484713,-6.937217498819855,57.192154740703046,-6.331364340736722,61.251923296515464,-5.38639112583227,65.31169185232788,-4.441417910927819,69.3714604081403,-3.496444696023368,73.4312289639527,-2.5514714811189174,77.30790753470748,-1.0326868982555044,81.16472590479533,0.5483403512892164,85.02154427488318,2.1293676008339375,88.87836264497103,3.7103948503786657,92.73518101505888,5.2914220999233965,96.59199938514674,6.872449349468126,100.30403246403152,8.733645191265417,103.82469852195305,10.965148185269545,107.34536457987457,13.196651179273669,110.8660306377961,15.428154173277797,114.38669669571762,17.65965716728192
18.056513272386404,8.244702198117304,0.0,0.0,3.856769801271297,-1.2228687799494087,7.754872098375586,-2.27474905070826,11.744370361245076,-2.9485331136946966,15.733868624114567,-3.622317176681133,19.72336688698406,-4.296101239667567,23.71286514985355,-4.969885302653994,27.702363412723045,-5.643669365640421,31.69836501699609,-6.250836983496206,35.742850898008,-6.361359882791052,39.78733677901991,-6.471882782085897,43.83182266003182,-6.582405681380743,47.87630854104373,-6.692928580675579,51.920794422055636,-6.803451479970414,55.96266775989496,-6.848378304968693,59.985553030800965,-6.4165502719499825,64.00843830170696,-5.984722238931273,68.03132357261296,-5.552894205912562,71.97328769216188,-4.680536953830104,75.88701892435782,-3.654481792005324,79.80075015655376,-2.628426630180544,83.7144813887497,-1.6023714683557637,87.62821262094565,-0.576316306530984,91.40597534770197,0.8328567659207086,95.09091750733378,2.503569976840288,98.7758596669656,4.174283187759867,102.383432273242,5.987593272071483,105.79285417364481,8.16610736613351,109.20227607404763,10.344621460195533,112.61169797445044,12.52313555425756
4.767001853263348,-0.3040208432433751,0.0,0.0,3.5522384334681942,0.395012906879866,7.104476866936388,0.7900258137597311,10.656715300404583,1.185038720639596,14.208953733872775,1.5800516275194605,17.764998468100078,1.874446979848181,21.33692796497069,1.7489370033686242,24.9088574618413,1.6234270268890674,28.480786958711917,1.4979170504095105,32.05271645558253,1.3724070739299536,35.62464595245315,1.2468970974503963,39.19657544932376,1.1213871209708397,42.768504946194376,0.9958771444912852,46.34043444306499,0.8703671680117306,49.91236393993561,0.744857191532176,53.484293436806226,0.6193472150526214,57.05622293367684,0.49383723857306683,60.62815243054745,0.36832726209351213,64.20008192741807,0.24281728561395508,67.77201142428868,0.1173073091343983,71.34394092115929,-0.00820266734515851,74.9158704180299,-0.13371264382471526,78.4877999149005,-0.259222620304272,82.05972941177112,-0.3847325967838287,85.63165890864173,-0.5102425732633807,89.20358840551233,-0.6357525497429328,92.77551790238294,-0.7612625262224848,96.34744739925355,-0.8867725027020369,99.91937689612416,-1.012282479181589,103.49130639299477,-1.137792455661141
15.125203162989209,4.583956766544148,0.0,0.0,3.26966967492129,-2.666007777235668,6.879496317049197,-4.856713916663679,10.752302129928033,-6.553448977809376,14.835679096908503,-7.66813765059592,18.976535812983787,-8.469318004028608,23.189765435865297,-8.875759188677764,27.40979266540517,-8.916140464613692,31.63520731873058,-8.666402003082103,35.86062197205599,-8.416663541550513,40.01523179946505,-7.687088126943288,44.13269155903291,-6.7057505601271075,48.25015131860076,-5.724412993310928,52.36761107816861,-4.743075426494747,56.48507083773646,-3.7617378596785667,60.602530597304316,-2.7804002928623883,64.71999035687217,-1.7990627260462109,68.83745011644002,-0.8177251592300334,72.95490987600787,0.16361240758614404,77.07236963557573,1.144949974402321,81.18982939514358,2.126287541218499,85.30728915471144,3.107625108034676,89.42474891427929,4.088962674850853,93.54220867384714,5.070300241667029,97.65966843341499,6.051637808483206,101.86151686612494,6.55286304739308,106.06682470138746,7.034406713517927,110.29114269458823,7.069041528482172,114.49569264367102,6.749006394237372,118.62207326424941,5.805883249669108
9.027212853499117,183.15608643936653,0.0,0.0,3.938903021799915,-0.2631492735093224,7.87780604359983,-0.5262985470186448,11.816709065399744,-0.789447820527967,15.75561208719966,-1.0525970940372895,19.694515108999575,-1.315746367546611,23.63341813079949,-1.5788956410559305,27.572321152599407,-1.8420449145652498,31.51122417439932,-2.1051941880745693,35.45012719619923,-2.3683434615838888,39.38903021799915,-2.63149273509321,43.32793323979906,-2.8946420086025406,47.26683626159897,-3.157791282111871,51.205739283398884,-3.4209405556212014,55.14464230519879,-3.6840898291305324,59.07812448786097,-3.7282215725816332,62.9991862520051,-3.2705325984301745,66.92024801614926,-2.812843624278715,70.8413097802934,-2.3551546501272558,74.76237154443754,-1.897465675975796,78.6834333085817,-1.439776701824336,82.60449507272584,-0.9820877276728763,86.52555683686998,-0.5243987535214167,90.44661860101414,-0.06670977936995715,94.36768036515828,0.3909791947815022,98.16616757731414,1.4503974824162107,101.95382034692052,2.563003006483993,105.7414731165269,3.6756085305517754,109.52912588613329,4.788214054619558,113.31677865573967,5.900819578687339
12.390629258353819,185.86624489915496,0.0,0.0,3.549456234324398,-0.11374878793595421,7.098912468648796,-0.22749757587190841,10.648368702973194,-0.3412463638078626,14.197824937297591,-0.4549951517438152,17.74728117162199,-0.568743939679766,21.296737405946388,-0.6824927276157169,24.846193640270783,-0.7962415155516676,28.39564987459518,-0.9099903034876183,31.945106108919575,-1.0237390914235691,35.49456234324397,-1.1374878793595198,39.044018577568366,-1.2512366672954705,42.59347481189276,-1.3649854552314211,46.14293104621716,-1.4787342431673718,49.69238728054155,-1.5924830311033225,53.241843514865955,-1.7062318190392731,56.79129974919035,-1.819980606975224,60.34075598351475,-1.9337293949111747,63.89021221783914,-2.0474781828471253,67.43669520663198,-2.1110506120275265,70.947879107195,-1.5789172052878595,74.45906300775802,-1.0467837985481925,77.97024690832103,-0.5146503918085255,81.48143080888406,0.01748301493114157,84.99261470944707,0.5496164216708083,88.50379861001008,1.0817498284104752,92.01498251057309,1.6138832351501422,95.5261664111361,2.1460166418898092,99.03735031169913,2.6781500486294765,102.54853421226214,3.2102834553691433
8.944214604323545,161.0003858217637,0.0,0.0,10.538730902493944,-2.135230581374343,21.077461804987887,-4.270461162748686,31.616192707481833,-6.40569174412303,42.154923609975775,-8.540922325497371,52.69365451246971,-10.676152906871716,63.232385414963666,-12.81138348824606,73.77111631745761,-14.946614069620404,84.30984721995156,-17.081844650994746,94.84857812244552,-19.21707523236909,96.39019269648172,-19.02467406847303,86.13818413343095,-15.78116068111806,75.88617557038017,-12.53764729376314,65.63416700732941,-9.294133906408211,55.38215844427864,-6.0506205190532585,44.763746801187416,-4.518819365779885,34.08232172538385,-3.281395824379562,23.40089664958027,-2.043972282979264,12.719471573776689,-0.8065487415789534,2.034229859601559,0.174483418278583,-8.679294792100285,-0.7444552130750184,-19.39281944380213,-1.663393844428627,-30.10634409550397,-2.5823324757822452,-40.81986874720581,-3.501271107135875,-51.533393398907606,-4.420209738489505,-62.246918050609416,-5.339148369843121,-72.8473329985588,-6.891216080210237,-83.21631804776315,-9.738707558721279,-93.58530309696748,-12.586199037232337,-103.95428814617182,-15.433690515743413
10.457154202559426,3.3184250530623416,0.0,0.0,3.562438233080481,-0.8923136957045009,7.193374673294084,-1.3968211729627034,10.845936935345819,-1.7788929173915633,14.498499197397555,-2.1609646618204232,18.151061459449288,-2.543036406249283,21.803623721501022,-2.925108150678131,25.45618598355276,-3.3071798951069766,29.108748245604495,-3.689251639535822,32.76131050765623,-4.071323383964668,36.42631807626734,-3.9401218071178223,40.093105330176435,-3.73552187890363,43.75989258408553,-3.530921950689438,47.42667983799462,-3.326322022475246,51.093467091903705,-3.121722094261054,54.7602543458128,-2.917122166046862,58.42704159972189,-2.7125222378326694,62.09382885363098,-2.5079223096184773,65.76061610754007,-2.303322381404285,69.42740336144917,-2.098722453190093,73.00211201787982,-1.2579699215339772,76.57642329372287,-0.4144719669207124,80.1507345695659,0.4290259876925524,83.72504584540893,1.272523942305817,87.29935712125197,2.116021896919082,90.87366839709502,2.9595198515323364,94.44797967293805,3.80301780614559,98.02229094878109,4.646515760758843,101.59660222462412,5.490013715372097,105.17091350046715,6.33351166998535
13.276937326056286,8.937977880634705,0.0,0.0,3.4771370625244096,-2.3981650760650868,7.268901112950019,-4.257086307623754,11.280588780487601,-5.585381640255512,15.429067007534483,-6.413993886527093,19.63305675882737,-6.898045744635182,23.86915236887058,-6.967964713486722,28.09926087121817,-6.812159980781499,32.319652803360036,-6.426775002284209,36.5400447355019,-6.041390023786921,40.71326247418311,-5.317174307538558,44.878420468439465,-4.535069119330542,49.04357846269582,-3.7529639311225265,53.208736456952174,-2.970858742914511,57.373894451208535,-2.1887535547064956,61.53905244546489,-1.4066483664984828,65.70421043972125,-0.6245431782904687,69.86936843397761,0.15756200991754543,74.03452642823396,0.9396671981255589,78.19968442249032,1.7217723863335754,82.36484241674668,2.503877574541592,86.53000041100304,3.2859827627496085,90.6951584052594,4.068087950957625,94.9021146645775,4.495700902625817,99.13495320565386,4.703805510258716,103.36779174673023,4.911910117891615,107.5765479100028,4.6172377137381595,111.68106699216567,3.610773353195082,115.66266627165662,2.1891831584619394,119.47492935123118,0.33799979243571343
10.95108352156445,177.3093393462574,0.0,0.0,4.304844935904357,-1.1892006335898997,8.609689871808714,-2.3784012671797994,12.91453480771307,-3.567601900769699,17.25269755871478,-4.5847856794536135,21.69023807051942,-5.088891100178921,26.12777858232406,-5.592996520904229,30.565319094128697,-6.097101941629537,35.00285960593334,-6.601207362354845,39.44040011773798,-7.10531278308014,43.87794062954262,-7.6094182038054345,48.31548114134726,-8.113523624530728,52.753021653151905,-8.617629045256024,57.20489176126186,-8.694130586551818,61.66622526235002,-8.488238718862641,66.12755876343816,-8.282346851173466,70.58889226452632,-8.076454983484291,75.05022576561447,-7.870563115795116,79.46796204391737,-7.260707478108969,83.8704948209427,-6.5099790209890545,88.20825626831905,-5.46783364901407,92.51429550787374,-4.2829648222964005,96.68343630030601,-2.6973028772758614,100.80636986564785,-0.9830827173663637,104.68631421826588,1.2234047965074581,108.27727700860812,3.866082434236911,111.5605698927028,6.875042147218351,114.38639601208632,10.320589300986972,116.6316942841577,14.174994391284317,118.22400128696364,18.347577102019606
6.906112888224186,174.19647722401578,0.0,0.0,3.199095541479541,2.6508650948901167,6.761314382438067,4.78950222429674,10.518983364451408,6.539029271481532,14.427621096214521,7.920468656228209,18.452344461966092,8.952347365830189,22.573079655624543,9.476448217610965,26.70679986042163,9.834870778048503,30.861432183933694,9.881797301308495,34.997367921803885,9.608861560034427,39.11823996980047,9.078215344371966,43.23911201779706,8.547569128709505,47.359984065793654,8.016922913047043,51.48085611379024,7.486276697384582,55.553835907475154,6.704432452399377,59.58087673235505,5.6816352892691935,63.607917557234956,4.658838126139008,67.63495838211485,3.6360409630088237,71.66199920699475,2.6132437998786395,75.68904003187464,1.590446636748456,79.71608085675453,0.5676494736182724,83.74312168163443,-0.4551476895119113,87.77016250651432,-1.4779448526420946,91.79720333139423,-2.5007420157722784,95.82424415627412,-3.5235391789024604,99.85128498115401,-4.546336342032643,103.8783258060339,-5.569133505162826,107.9053666309138,-6.591930668293009,111.9324074557937,-7.614727831423192,115.95944828067358,-8.637524994553374
11.18299956579681,182.20869939328847,0.0,0.0,4.0475504812973835,-0.3689821456506723,8.095100962594767,-0.7379642913013446,12.14265144389215,-1.106946436952017,16.190201925189534,-1.475928582602689,20.237752406486916,-1.8449107282533568,24.2853028877843,-2.2138928739040207,28.332853369081683,-2.582875019554684,32.38040385037907,-2.9518571652053485,36.42795433167646,-3.3208393108560124,40.475504812973846,-3.6898214565066763,44.52883691129919,-3.5253755585291167,48.58343409458421,-3.2442094087941236,52.63803127786924,-2.9630432590591305,56.692628461154264,-2.681877109324137,60.7472256444393,-2.4007109595891474,64.80182282772432,-2.119544809854167,68.85642001100935,-1.8383786601191865,72.91101719429437,-1.5572125103842058,76.9656143775794,-1.276046360649225,81.02021156086444,-0.9948802109142336,85.07480874414946,-0.7137140611792401,89.12940592743449,-0.43254791144424654,93.18400311071952,-0.151381761709253,97.21243623866363,0.3073430390767516,101.17579896815289,1.2076588708574887,105.13916169764217,2.107974702638226,109.10252442713144,3.008290534418963,113.0658871566207,3.9086063661997,117.02924988610998,4.808922197980437
5.872605308139466,112.57259719320635,0.0,0.0,2.447354172849475,-14.284455038837311,4.894708345698977,-28.568910077674616,8.469240783940283,-42.58174277010365,12.797094897893032,-56.413043394855855,17.1249490118458,-70.24434401960805,23.047098996174938,-83.4639064669602,29.082154357325496,-96.64014663598323,33.307919203848904,-103.0883836523447,31.920197393884585,-88.66238537208424,30.532475583920267,-74.23638709182377,29.144753773955948,-59.8103888115633,27.757031963991626,-45.38439053130283,26.369310154027307,-30.958392251042355,24.981588344062985,-16.532393970781882,23.593866534098666,-2.10639569052141,22.206144724134347,12.319602589739063,20.818422914170025,26.745600869999535,19.430701104205703,41.17159915026001,18.042979294241388,55.59759743052045,16.65525748427707,70.0235957107809,15.267535674312754,84.44959399104134,13.879813864348435,98.87559227130178,11.932102683135927,107.03192666986627,8.009760253167144,93.08020892379662,4.087417823198375,79.12849117772699,1.3030207116908137,64.95264032099186,-0.35829607778393546,50.5555842077117,-1.4435121576899799,36.13336172590017,-1.043969340688308,21.64627907474814
6.264944299303249,176.84831472889724,0.0,0.0,4.16576402115156,-0.46415876914957627,8.33152804230312,-0.9283175382991405,12.497292063454681,-1.3924763074487048,16.663056084606243,-1.856635076598269,20.828820105757806,-2.3207938457478337,24.994584126909366,-2.784952614897396,29.16034814806093,-3.2491113840469574,33.32611216921249,-3.713270153196518,37.49187619036405,-4.177428922346079,41.65764021151561,-4.641587691495641,45.83139641021102,-4.911069282087045,50.02118874295233,-4.789935259610406,54.21098107569365,-4.668801237133767,58.400773408434965,-4.547667214657128,62.590565741176285,-4.426533192180494,66.78035807391758,-4.305399169703859,70.9701504066589,-4.184265147227225,75.1015440354844,-3.526930179217977,79.21918104230078,-2.743285666064529,83.33681804911716,-1.959641152911081,87.45445505593354,-1.1759966397576325,91.57209206274992,-0.39235212660418306,95.6897290695663,0.39129238654926635,99.80736607638268,1.1749368997027156,103.78259371724972,2.4520179557789037,107.68457448240315,3.9828933103626896,111.58655524755656,5.513768664946475,115.48853601270997,7.044644019530262,119.3905167778634,8.575519374114048
22.83450604835706,61.49235357446118,0.0,0.0,-1.0594907889826395,6.619778736528314,-1.3003961031072393,13.340504500022448,-0.4000116272673562,20.0024038888207,1.3126058947369055,26.48355118775475,3.811313479790483,32.701035652150054,7.065457892504016,38.57384600327344,11.174971869600904,43.89719880301465,16.003085095915928,48.55931176543502,21.3609741312513,52.58257955145539,27.178742208809474,55.91595594611452,33.386493216270594,58.50246277731229,39.943605320288526,59.99187941208034,46.614541115489565,60.65824716160938,53.31310721007572,60.497038831171565,59.95323851822374,59.508735923356824,66.38282178082498,57.537277268516426,72.4420735399444,54.64948817297815,78.08870760842197,51.04262856391888,83.25086876121576,46.7640853082239,87.85433730362189,41.86160965427676,91.54956101427683,36.243408004892224,94.51365999146623,30.22995183653391,96.71215608670059,23.900452613347827,98.11531880900853,17.335764504748315,98.52882470222197,10.62344724207776,97.94916668562111,3.935990286444496,96.55105828513877,-2.6168761299153065,94.3537563926948,-8.951125657244225,91.38148540406343,-14.983686915002625
67.71010342645735,-147.59544893966475,0.0,0.0,3.661201409489765,8.279234783305558,8.677954004812833,15.798082305599486,14.91494860583402,22.354235046466833,22.279504899800866,27.6340446123247,30.5473150555129,31.368361431461032,39.28001872396571,33.761398824468095,48.33889885848467,34.31232543493075,57.35214554136999,33.39437208839984,66.04287703419931,30.795347537082943,74.10572395666249,26.64352422127973,81.27281699615187,21.093176998530694,87.31801823760759,14.345191229098097,92.04479305553816,6.621499595903718,95.29971463722906,-1.8243981424351547,96.97743659536732,-10.715666271334412,97.02367407276596,-19.761106943531235,95.43863605597555,-28.66476102666946,92.27401292225882,-37.13528353101516,87.63370495299753,-44.89547024933108,81.66971444686891,-51.69130064240379,74.57721634107024,-57.300196298871725,66.5882168911272,-61.538244448930634,57.96402689775747,-64.2661881755621,48.98678667107708,-65.39396745056159,39.950306805022166,-64.88365519923049,31.150534347982596,-62.75073471269707,22.875927351201078,-59.06366001444605,15.398095508865016,-53.941618295168354,8.962945657888447,-47.550751533504304
75.07831101339478,-115.725256210716,0.0,0.0,0.36165064570691235,11.775047461460993,0.7233012914138247,23.550094922921986,1.084951937120737,35.32514238438298,6.427645651541429,45.64758560281929,14.327364733860533,54.331552500465236,24.012566926646915,60.97474980225795,35.03642030175684,64.99023411271747,46.677915453195276,66.42332422642028,58.360595835437884,65.2550734103999,69.32839338557787,61.09952040524747,79.16325502834911,54.69588857945895,87.16675112475953,46.10243898736464,92.95723072101859,35.906194004300325,96.12810865597415,24.605045852898556,96.75319078091027,12.880224880323048,94.41638365439391,1.378415998753769,89.51224384024584,-9.284694926761146,82.39698853718446,-18.629895668712933,73.08458971015281,-25.788439306441585,62.446620360917564,-30.746725790983824,50.95569502114773,-33.135436152813675,39.228098810418146,-32.5687556342296,27.907553343795875,-29.464926025771135,17.66745469181714,-23.736040970009082,9.095255901067453,-15.717094075997778,2.471344907800759,-6.022481193198509,-1.5044104224267354,5.020473129111216,-2.8497304736425204,16.67980843983471,-1.6248982259430886,28.361898180318164
21.474391242361957,0.48016520164053844,0.0,0.0,2.620769934121375,2.975132999771213,5.611025151676127,5.595828993380735,8.634392428585887,8.171403145139484,12.031353649093507,10.237880394809027,15.428314869601126,12.30435764447857,19.102260348506174,13.811734858714988,22.804388760975044,15.262224077780456,26.649267513569438,16.228812628101903,30.54590328042427,17.019953233495183,34.48625246221368,17.42847968804751,38.46091939367486,17.536630235819548,42.4198245631994,17.379521885815162,46.353715509416816,16.80144249654148,50.25388423796189,16.080917178495373,54.02941106896098,14.833892356994074,57.794251702021526,13.561979269115636,61.29856005264462,11.683283780009514,64.80286840326771,9.80458829090339,67.9816132541901,7.42753286149315,71.10995317470756,4.973319525466454,73.91315588082037,2.1713371741417093,76.57201585298644,-0.7850351646288143,78.94583344825404,-3.956265027421896,81.05574524355441,-7.326420212734107,82.95386255198277,-10.80490843477977,84.45175021274807,-14.488114417719299,85.83603159534911,-18.20642535198992,86.67711900405745,-22.09258614742116,87.51820641276578,-25.978746942852396
78.99732688856903,7.224483906914216,0.0,0.0,5.511215873363266,4.330106168541198,11.445518331851993,8.090478884184984,17.758995065805376,11.187428704263993,24.386848228692678,13.443953179770588,30.87302147845616,15.845091362310757,36.095000567880966,18.469244336243595,34.241584448246726,24.185299313929253,27.214273552688038,24.446044851609496,20.20159210906267,24.224776196278118,13.252372536583717,23.623958156498247,6.329862378970896,22.458733930361166,-0.626507834209427,21.429170860202003,-7.582878047389752,20.39960779004284,-14.539248260570071,19.370044719883676,-21.495618473750394,18.340481649724513,-28.434858535252843,17.23824893746242,-35.11867580718898,15.052459987534682,-41.802493079125114,12.866671037606942,-48.486310351061256,10.680882087679203,-55.1701276229974,8.495093137751466,-61.853944894933534,6.309304187823731,-68.50644224808391,4.048051382587841,-74.77375204679616,0.8587074774525663,-81.04106184550841,-2.330636427682708,-87.30837164422064,-5.5199803328179895,-93.57568144293289,-8.709324237953272,-99.84299124164511,-11.898668143088551,-106.11030104035734,-15.088012048223838,-112.37761083906959,-18.277355953359123
34.00140564511956,154.50254364302688,0.0,0.0,10.507250237853462,-1.50806656518031,20.61083894881434,-4.738967820655369,30.37153646097706,-8.885753461133657,39.32862821996359,-14.58037027284767,47.402285683760205,-21.469715297047365,54.435760328678285,-29.420102277877547,60.29201849276674,-38.27766775784494,64.56615773780393,-47.99658543496407,67.91855922982946,-58.052767742185665,69.61390603905556,-68.53004058526045,69.835040355609,-79.06955954576675,69.75027509775234,-89.63336768605583,76.84438405514136,-89.58186407563504,80.56587814745994,-79.64385420480356,83.26645821016413,-69.44616632355086,85.46371660536599,-59.040932826101546,87.66097500056786,-48.635699328652215,89.85823339576973,-38.2304658312029,91.66051355448727,-27.7761840767305,92.074983198161,-17.149564505756885,92.4894528418347,-6.522944934783283,92.90392248550845,4.103674636190329,92.88779511870665,14.713772663163997,91.66027884566563,25.277391001174223,90.43276257262463,35.841009339184424,89.2052462995836,46.40462767719467,87.97773002654259,56.9682460152049,85.7732628940748,67.33790870102412,82.87231240290812,77.56929740635275
10.71095849386046,4.206690428916531,0.0,0.0,3.6757721990316514,-0.33915508698984875,7.351544398063305,-0.6783101739796757,11.02731659709496,-1.017465260969503,14.703088796126613,-1.3566203479593302,18.378860995158266,-1.695775434949157,22.05463319418992,-2.0349305219389775,25.73040539322157,-2.3740856089287985,29.406177592253222,-2.7132406959186195,33.08194979128488,-3.05239578290844,36.76146498785913,-3.071852249564038,40.44417010880732,-2.818849434664609,44.12687522975551,-2.56584661976518,47.8095803507037,-2.312843804865751,51.4922854716519,-2.0598409899663217,55.17499059260008,-1.8068381750669058,58.85769571354827,-1.5538353601674892,62.54040083449647,-1.3008325452680727,66.22310595544467,-1.047829730368656,69.90581107639285,-0.7948269154692317,73.58851619734104,-0.5418241005697966,77.27122131828924,-0.28882128567036147,80.95392643923742,-0.03581847077092637,84.6366315601856,0.21718434412850862,88.23709402178233,0.9999999684252007,91.82319527787915,1.8753314560490928,95.40929653397598,2.750662943672985,98.9953977900728,3.625994431296877,102.58149904616963,4.501325918920769,106.16760030226644,5.376657406544661
11.547504477920018,164.0851416176171,0.0,0.0,7.28261541536772,-5.427873404867416,14.661453807861923,-10.698247076810473,22.814827435474164,-14.700845667223422,30.968201063086408,-18.703444257636377,39.12157469069864,-22.70604284804934,47.27494831831087,-26.708641438462294,55.42832194592311,-30.71124002887524,63.68675526405767,-34.448041707863325,72.37333353079,-37.10165339824905,81.05991179752236,-39.75526508863478,89.58584647753723,-42.79841787704491,98.37585928116637,-44.93738048397392,105.95310436704307,-44.46303246849437,104.93843558674986,-38.1765352970258,97.52323094553311,-32.97497824108046,90.06609573717144,-27.877056076642056,83.47694527099142,-21.650219011206318,77.68467338426183,-14.676185186483435,72.93208008701703,-6.970611232112491,68.77615200395468,1.105684871661344,65.9704213565516,9.725602750748472,64.09964532904432,18.57687856368393,63.08952373091492,27.603392361624486,63.27979919141888,36.66512401554078,64.63061792871396,45.63516776783165,67.06106460777215,54.37349200221834,70.52347182486463,62.75465139678556,75.15516365271043,70.53734109888137,80.20508614045957,78.08694902612794
11.27106405130821,182.2472670146866,0.0,0.0,4.031808217391031,-0.49978750256175786,8.063616434782062,-0.9995750051235157,12.095424652173095,-1.4993625076852737,16.127232869564125,-1.9991500102470299,20.159041086955156,-2.498937512808786,24.190849304346187,-2.9987250153705416,28.22265752173722,-3.498512517932298,32.25548148888899,-3.9760621629837645,36.316063321960904,-3.845907537767826,40.37664515503282,-3.715752912551887,44.437226988104726,-3.5855982873359484,48.49780882117664,-3.4554436621200098,52.558390654248555,-3.325289036904071,56.61897248732047,-3.1951344116881324,60.679554320392384,-3.0649797864721937,64.7401361534643,-2.934825161256255,68.80071798653623,-2.804670536040316,72.86129981960815,-2.6745159108243772,76.92188165268007,-2.5443612856084385,80.93596358239051,-2.0098046023012683,84.920114290018,-1.2149409734628853,88.9042649976455,-0.42007734462450186,92.888415705273,0.37478628421388116,96.8725664129005,1.1696499130522646,100.856717120528,1.9645135418906485,104.8408678281555,2.759377170729032,108.825018535783,3.554240799567415,112.8091692434105,4.3491044284057985,116.793319951038,5.143968057244182
5.133365128242052,6.98173999335458,0.0,0.0,3.2656334364478883,3.0386843554243277,6.886896797993114,5.6272931746517845,10.598429721689186,8.10165929741274,14.309962645385262,10.576025420173696,18.190870104128418,12.737028510147143,22.29415089738239,14.48661448541673,26.397431690636367,16.236200460686316,30.639153696153826,17.55892930864685,34.98822478445823,18.55066769250708,39.33729587276264,19.542406076367314,43.70691428763542,20.390509650371225,48.15960720189085,20.65788609751358,52.612193124985545,20.860652381730613,57.06397609793214,20.57853057305617,61.51318865036763,20.27607367264549,65.89515030419412,19.441581960558903,70.27711195802061,18.607090248472314,74.53136866375674,17.27531641148458,78.7732022989275,15.895167229446301,82.79600497184968,13.990650289380314,86.75923148655319,11.943505949989929,90.7224580012567,9.896361610599541,94.54184470496881,7.618687267256517,98.12268184778891,4.95869296091919,101.61219873428722,2.190738994548589,104.82920238999553,-0.8993826587696749,107.994092060592,-4.037311510395401,110.79595022893213,-7.508270334359269,113.59780839727227,-10.979229158323136
18.029944139525828,2.7849036896581585,0.0,0.0,3.5257020153455154,2.832016152604963,7.335303130192161,5.245169514672089,11.271882971955925,7.4709793311312644,15.356638786373779,9.391144858767547,19.542372309462692,11.103022501391731,23.818968815903677,12.545264867375478,28.18709070952429,13.71590627792746,32.60047740534496,14.66169393151444,37.08131527022589,15.272416633136176,41.57423250124479,15.657403681616449,46.094656702450166,15.528348535327455,50.61508090365553,15.39929338903846,55.1355051048609,15.270238242749466,59.58193482838341,14.463204794640003,64.0237750056682,13.61411938722485,68.34515922928576,12.29732612380199,72.64455296905763,10.895147939676551,76.78584123970484,9.095333291438601,80.87421052004026,7.1624269778174465,84.78229643628687,4.903267232761355,88.594427458027,2.470460774632512,92.2191363449836,-0.21874909548576915,95.69422314194718,-3.1126499132741507,98.93277738482924,-6.247707417023941,101.89340873104064,-9.666121116601179,104.85404007725204,-13.084534816178417,107.75802171317375,-16.54450550244529,110.12968344212975,-20.394974413244643,112.50134517108572,-24.245443324043983
4.9068346754357,-39.17266145760479,0.0,0.0,13.361671389333003,-10.463062355821174,26.723342778666005,-20.92612471164235,40.08501416799901,-31.389187067463524,53.44668555733201,-41.8522494232847,66.80835694666501,-52.31531177910587,72.4111714772013,-54.47113597377483,62.81928481558587,-40.47802519214873,51.32928452576593,-27.988436347104226,38.627029041915584,-16.840153871541,24.353091060839894,-7.790178154343671,8.576441447021134,-1.6797260645518253,-8.143652984758766,0.8797051668350586,-25.029632981196034,0.8507341068970818,-41.89245760197545,-0.9085288670185092,-58.17641613916729,-5.68792532863781,-74.46037467635914,-10.467321790257106,-90.10477382954448,-16.882615680139768,-93.36298083342122,-23.460861431799902,-77.15274819468058,-28.48463431442804,-60.94251555593994,-33.50840719705617,-44.732282917199306,-38.53218007968431,-28.522050278458664,-43.555952962312446,-12.31181763971803,-48.57972584494058,3.898414999022606,-53.60349872756872,20.10864763776324,-58.62727161019685,36.318880276503876,-63.65104449282499,52.529112915244525,-68.67481737545313,68.73934555398515,-73.69859025808125,84.9495781927258,-78.7223631407094
17.508848496951444,10.740884138563631,0.0,0.0,9.389170040622755,-5.15736069094454,19.544712363545706,-8.623986635750928,29.780381269232983,-11.746102367783111,40.42339060632785,-13.116827564310684,51.06639994342272,-14.48755276083823,61.762792325873335,-14.189187467067468,72.47164082516056,-13.501365445613105,83.18048932444779,-12.81354342415873,93.88933782373503,-12.125721402704354,104.33960440936777,-9.742330381293453,114.76667358743863,-7.20682970694755,105.50530902380487,-1.8632971955792579,96.202811246763,3.4861018755329045,86.90031346972116,8.83550094664507,77.59781569267929,14.18490001775723,68.29531791563744,19.534299088869393,58.99282013859559,24.883698159981556,49.69032236155374,30.233097231093723,40.387824584511876,35.58249630220588,31.085326807470025,40.93189537331804,21.78282903042816,46.28129444443021,12.48033125338631,51.63069351554237,3.1778334763444462,56.980092586654536,-6.124664300697361,62.32949165776668,-15.427162077739226,67.67889072887884,-24.729659854781076,73.028289799991,-34.032157631822926,78.37768887110316,-43.334655408864776,83.72708794221532,-52.63715318590663,89.0764870133275
10.819386658499932,3.8586429570244434,0.0,0.0,3.951728987012569,-0.43960527027117824,7.903457974025138,-0.8792105405423565,11.855186961037708,-1.3188158108135346,15.806915948050277,-1.758421081084713,19.758644935062843,-2.198026351355893,23.710373922075412,-2.6376316216270768,27.662102909087984,-3.07723689189826,31.61383189610055,-3.5168421621694446,35.56556088311312,-3.9564474324406276,39.497462802583236,-4.509856105223477,43.36502800398039,-5.432544673152742,47.333466422696446,-5.392339012466776,51.30828593363867,-5.291222070866555,55.283105444580904,-5.190105129266334,58.84119339295655,-3.859211221783884,62.76226773079431,-3.19997619723217,66.68334206863207,-2.540741172680457,70.60441640646984,-1.8815061481287438,74.5254907443076,-1.22227112357703,78.44656508214538,-0.5630360990253136,82.36763941998315,0.09619892552640597,86.28871375782091,0.7554339500781255,90.20978809565868,1.414668974629845,94.13086243349645,2.0739039991815647,98.05193677133421,2.73313902373328,101.97301110917198,3.392374048284994,105.89408544700974,4.051609072836708,109.81515978484751,4.710844097388422,113.73623412268529,5.370079121940135
16.889292180297858,5.271641938567058,0.0,0.0,4.0198872169729425,-0.9066480769030644,8.039774433945885,-1.8132961538061287,12.059661650918827,-2.719944230709193,16.07954886789177,-3.6265923076122575,20.187775767538888,-3.8644498914609295,24.305203714871915,-4.032649389246814,28.422631662204942,-4.200848887032697,32.54005960953797,-4.369048384818581,36.657487556871,-4.537247882604465,40.774915504204024,-4.705447380390348,44.89234345153705,-4.873646878176232,49.00977139887008,-5.041846375962116,53.127199346203106,-5.210045873747999,57.24462729353613,-5.378245371533883,61.36064053911244,-5.515807392130467,65.44504729978176,-4.968883827147901,69.52945406045107,-4.421960262165334,73.6138608211204,-3.875036697182768,77.69826758178972,-3.328113132200201,81.78267434245905,-2.7811895672176346,85.75803823930418,-1.7295511360695288,89.70393886254824,-0.5415392489166004,93.6498394857923,0.646472638236328,97.59574010903636,1.8344845253892563,101.4437723006271,3.2615246389475576,105.08978398175338,5.181968023592148,108.73579566287967,7.102411408236739,112.38180734400595,9.02285479288133,116.02781902513223,10.94329817752592
24.499118524853984,17.283312432037206,0.0,0.0,3.7870177727145755,-1.464667490607728,7.574035545429151,-2.929334981215456,11.417186243420927,-4.189713294274598,15.420905453160874,-4.865721399594757,19.42462466290082,-5.541729504914916,23.428343872640763,-6.217737610235076,27.463620247896195,-6.460683441048989,31.523045251930647,-6.37223511987169,35.5824702559651,-6.283786798694392,39.641895259999544,-6.195338477517093,43.674413511595695,-5.876240711242111,47.6451937254221,-5.02791355596301,51.6159739392485,-4.17958640068391,55.5867541530749,-3.331259245404809,59.557534366901294,-2.4829320901257086,63.528314580727695,-1.6346049348466076,67.34360328009674,-0.2895956917546485,71.08927387648072,1.2777926622545936,74.83494447286466,2.845181016263836,78.58061506924864,4.412569370273078,82.3262856656326,5.97995772428232,86.07195626201656,7.547346078291563,89.81762685840052,9.114734432300803,93.56329745478448,10.682122786310046,97.04703802371063,12.750574765450208,100.47193749420524,14.931587852505164,103.89683696469983,17.112600939560117,107.32173643519442,19.293614026615074,110.74663590568903,21.474627113670028
6.2777909863489185,-169.06566998585106,0.0,0.0,3.374802602743769,-0.5609828503375347,6.749605205487538,-1.1219657006750694,10.162772005701289,-1.1994603609797427,13.58381303098008,-1.1777194038161873,17.00485405625887,-1.1559784466526322,20.42589508153766,-1.134237489489077,23.846936106816447,-1.1124965323255314,27.267977132095236,-1.0907555751619897,30.689018157374022,-1.0690146179984483,34.11005918265281,-1.047273660834907,37.49883199291766,-0.6890431240954805,40.86165724911799,-0.06023420071725383,44.22448250531833,0.568574722660973,47.58730776151866,1.1973836460391998,50.950133017719,1.8261925694174264,54.312958273919335,2.455001492795653,57.675783530119666,3.0838104161738826,61.038608786320005,3.7126193395521137,64.40143404252034,4.341428262930345,67.76425929872067,4.9702371863085775,71.12708455492103,5.59904610968681,74.48990981112136,6.227855033065042,77.74366767443144,7.243568230491063,80.93979678877004,8.463712914672449,84.13592590310864,9.683857598853834,87.33205501744726,10.904002283035219,90.52818413178586,12.124146967216603,93.72431324612447,13.344291651397988,96.92044236046308,14.564436335579373
7.673327472289628,2.7134243301610965,0.0,0.0,3.572743690044925,-0.13619047011913427,7.14548738008985,-0.27238094023826853,10.718231070134776,-0.40857141035740285,14.2909747601797,-0.5447618804765371,17.863718450224624,-0.6809523505956714,21.436462140269548,-0.8171428207147986,25.00920583031447,-0.9533332908339223,28.581949520359395,-1.089523760953046,32.15469321040432,-1.2257142310721694,35.72743690044925,-1.3619047011912933,39.30018059049418,-1.498095171310417,42.8729242805391,-1.6342856414295432,46.44566797058403,-1.7704761115486802,50.018411660628956,-1.9066665816678174,53.59115535067389,-2.0428570517869544,57.16389904071882,-2.1790475219060914,60.73664273076374,-2.3152379920252284,64.30938642080866,-2.4514284621443654,67.85295078361912,-2.090049909278649,71.38528600147968,-1.537190770284727,74.91762121934023,-0.984331631290805,78.44995643720078,-0.4314724922968831,81.98229165506135,0.12138664669703836,85.5146268729219,0.6742457856909609,89.04696209078244,1.2271049246848829,92.579297308643,1.7799640636788046,96.11163252650356,2.3328232026727265,99.64396774436412,2.8856823416666484,103.17630296222467,3.4385414806605703
13.924193402852618,-173.248594923301,0.0,0.0,3.774938064541913,-0.759612260698666,7.549876129083826,-1.519224521397332,11.327980617685395,-2.2493633706495677,15.178125936986218,-2.308938516450005,19.02827125628704,-2.3685136622504417,22.878416575587867,-2.428088808050879,26.728561894888692,-2.4876639538513157,30.578707214189517,-2.547239099651753,34.428852533490335,-2.6068142454521896,38.278997852791164,-2.666389391252627,42.129143172091986,-2.7259645370530636,45.97928849139281,-2.785539682853501,49.82943381069364,-2.845114828653933,53.67957912999446,-2.904689974454364,57.52972444929528,-2.9642651202547947,61.37986976859611,-3.0238402660552257,65.22175202410725,-2.9793171908793195,69.01428450945724,-2.3130848550563106,72.80681699480722,-1.6468525192333012,76.59934948015722,-0.9806201834102923,80.3918819655072,-0.314387847587283,84.18441445085719,0.3518444882357259,87.97694693620717,1.0180768240587348,91.76947942155715,1.684309159881754,95.56201190690713,2.350541495704773,99.35454439225713,3.016773831527792,103.1470768776071,3.683006167350811,106.9396093629571,4.34923850317383,110.73214184830708,5.015470838996849
15.396927306444825,-172.1684089895699,0.0,0.0,3.7219160261226367,-0.7501364736712993,7.443832052245275,-1.5002729473425886,11.165748078367919,-2.250409421013859,14.887664104490561,-3.0005458946851298,18.609580130613203,-3.7506823683564,22.33273511547467,-4.489190343495761,26.129150842830693,-4.540094761028836,29.925566570186714,-4.59099917856191,33.72198229754274,-4.641903596094985,37.51839802489876,-4.69280801362806,41.31481375225478,-4.743712431161147,45.1112294796108,-4.794616848694235,48.90764520696682,-4.8455212662273235,52.70406093432284,-4.8964256837604125,56.45805103434023,-4.3940722695286984,60.20231805296172,-3.7649235367922875,63.946585071583215,-3.135774804055877,67.69085209020471,-2.5066260713194652,71.43511910882621,-1.8774773385830534,75.17938612744771,-1.2483286058466354,78.92365314606921,-0.6191798731102174,82.66792016469071,0.009968859626200643,86.41218718331221,0.6391175923626187,90.07564174172734,1.5767435845174909,93.64744968582832,2.8642029606135635,97.2192576299293,4.151662336709636,100.79106557403028,5.43912171280571,104.36287351813127,6.726581088901782,107.93468146223225,8.014040464997855
12.263987490247386,185.10404487444936,0.0,0.0,3.8156890111111674,-0.5051713867305596,7.631378022222335,-1.0103427734611192,11.447067033333504,-1.5155141601916788,15.262756044444671,-2.020685546922238,19.07844505555584,-2.525856933652798,22.894134066667007,-3.031028320383358,26.709823077778175,-3.536199707113918,30.525512088889343,-4.041371093844478,34.34120110000051,-4.546542480575038,38.171587643233934,-4.622554992180304,42.01289744364442,-4.379615129753114,45.854207244054905,-4.1366752673259235,49.69551704446538,-3.893735404898733,53.536826844875876,-3.650795542471543,57.378136645286354,-3.407855680044353,61.21944644569684,-3.1649158176171674,65.06075624610733,-2.921975955189983,68.90206604651782,-2.6790360927627974,72.7433758469283,-2.436096230335612,76.5846856473388,-2.1931563679084265,80.33900708746575,-1.4230116108844655,84.05474803944884,-0.4190445112035672,87.77048899143192,0.584922588477331,91.486229943415,1.5888896881582295,95.20197089539809,2.592856787839129,98.91771184738117,3.596823887520033,102.63345279936425,4.600790987200938,106.34919375134733,5.604758086881842,110.06493470333041,6.608725186562746
3.0424942510942925,178.04395368866443,0.0,0.0,3.705556732037298,-0.7062871226283429,7.411113464074596,-1.4125742452566858,11.155422891176416,-1.7249753437537123,14.927574421294423,-1.754386698124785,18.699725951412432,-1.7837980524958579,22.47187748153044,-1.8132094068669307,26.244029011648447,-1.8426207612380032,30.01618054176646,-1.872032115609076,33.78833207188447,-1.9014434699801437,37.56048360200247,-1.9308548243512114,41.33263513212047,-1.960266178722279,45.10478666223848,-1.9896775330933465,48.876938192356484,-2.0190888874644144,52.64908972247449,-2.048500241835482,56.421241252592495,-2.0779115962065493,60.193392782710504,-2.107322950577617,63.965544312828506,-2.1367343049486847,67.73769584294651,-2.1661456593197523,71.50984737306452,-2.19555701369082,75.23571847421609,-1.6488749668314489,78.95479830603676,-1.0176559885979048,82.67387813785744,-0.38643701036436084,86.39295796967812,0.24478196786918316,90.11203780149881,0.8760009461027272,93.8311176333195,1.5072199243362805,97.55019746514017,2.1384389025698347,101.26927729696085,2.769657880803389,104.98835712878153,3.400876859036943,108.70743696060221,4.032095837270497
3.8058429669263742,179.39136767470865,0.0,0.0,3.5785561397005026,-0.4065837727409997,7.195119493954979,-0.48938924936882516,10.811682848209456,-0.5721947259966507,14.42824620246393,-0.6550002026244761,18.044809556718405,-0.7378056792523016,21.66137291097288,-0.820611155880127,25.277936265227353,-0.9034166325079525,28.894499619481827,-0.986222109135778,32.5110629737363,-1.0690275857636036,36.127626327990775,-1.151833062391429,39.74418968224525,-1.2346385390192545,43.36075303649973,-1.31744401564708,46.9773163907542,-1.4002494922749054,50.59387974500867,-1.4830549689027266,54.210443099263145,-1.5658604455305476,57.82700645351762,-1.6486659221583686,61.44356980777209,-1.7314713987861896,65.06013316202657,-1.8142768754140106,68.67669651628105,-1.8970823520418318,72.26840458670094,-1.5835481904159538,75.84628777644846,-1.0495639932545724,79.42417096619597,-0.5155797960931909,83.0020541559435,0.0184044010681903,86.57993734569102,0.5523885982295718,90.15782053543855,1.0863727953909457,93.73570372518607,1.620356992552317,97.3135869149336,2.154341189713688,100.89147010468112,2.688325386875059,104.46935329442864,3.2223095840364304
