-191.01158843354756,-133.28047401893056,0.57358,-0.81915,-229.85635194204238,-87.23339487494285,-214.5029253662142,-116.88560095053766,-179.48212158000888,-162.44624278805318,-157.19091801013965,-182.2263141507872
-102.06632954965852,-208.220877275641,0.86603,-0.5,-156.62869093798173,-182.72520563390012,-137.4232469198782,-199.76713215170233,-94.16075322300338,-226.02446385778967,-52.39997061044036,-242.17728933061554
7.408968895837376,-240.9174997446957,1.0,0.0,-52.591031104162624,-242.10338825365346,-49.73438874155336,-243.20832074377464,-5.206814846154444,-251.75964721200225,31.125532100514523,-252.4289382628219,66.3711811111111,-247.4689666666667,67.02386259999996,-247.27157333333335
119.51167450402522,-215.51923050534063,0.90631,0.42262,67.98029946180402,-246.9823139265808,99.00525555555554,-237.5993,133.8759205934646,-220.6839004989389,173.74833140804495,-191.11341327053384
204.172571968542,-139.03248865808746,0.57358,0.81915,173.84382074303414,-191.0425957277001,174.15108303243466,-190.81472148034794,205.94811678760146,-156.1550334852037,231.73157918090317,-115.75638754220805,241.45025988461626,-92.45128739147664
248.5465596051161,-32.768465633659446,0.17365,0.98481,241.45349775303558,-92.4435230816811,251.16894058832935,-69.14618724074519,261.8663804490784,-22.009357303874935,264.10240631700435,25.106129321374176
244.16754766729608,81.66971300803226,-0.34202,0.93969,264.10089825456174,25.074352812496087,264.22009188900046,27.585891775334655,264.22009188900046,27.585891775334655,257.4484472135114,75.65473021505737,243.85296972406576,115.8859367901218,230.1910233414528,139.9221684103559
185.48878770051041,179.46764628600857,-0.70711,0.70711,230.4104536776099,139.53611226310804,221.08305908637746,155.94632282384535,191.6328376476856,189.44352498291616,162.5148282231769,212.30076558257903,143.71798133264267,222.23306753658994
85.35538138903016,233.47546018578663,-0.98481,0.17365,144.2492905096483,221.9523224090859,123.35473053456387,232.99306132010176,97.16117964943878,241.69184493512182,79.65974859573636,245.45934223445298,36.512649343232034,248.44305388184796,27.45064906362,247.35405549978066
-29.37473138184953,227.92871173121478,-0.96593,-0.25882,27.53440380175855,247.3641204712559,-20.124852404343446,241.6368139939273,-43.511133805921574,235.8828179607176,-44.25902157749085,235.94249836550966,-89.07188708984495,220.9554368404356
-138.85002982734542,185.89019712814454,-0.86603,-0.5,-89.69275156454381,220.74779704827637,-102.45754821691177,216.4787820991797,-136.84955816887503,199.7397397173794,-148.85504995768713,192.84110090244067,-159.98581712011074,185.79714392109378,-168.31643411211996,180.4596571292688,-172.15563588789274,177.1704291440607,-175.99219054282824,174.68098064936882,-179.6897364848208,171.26680025695782,-183.3919033495834,168.62709938739184,-186.94197419950433,165.0913611551147,-190.49490328492598,162.29342950034513,-192.94081513493924,159.6627368020502
-219.7157836124183,106.19217985982344,-0.5,-0.86603,-192.72712569725928,159.8925697959925,-193.89200307661108,158.6396896416022,-195.60796083115898,157.17922548951063,-198.84670136248653,153.41120186376588,-200.5200461046392,151.9086781150245,-203.05325545014782,148.73734399223974,-206.50122001585999,145.38073914249614,-208.92192370106696,142.1374186393651,-212.15977475544503,138.62313642016338,-221.76204635394146,124.79108216253428,-224.53530489006226,121.00885448660486,-236.26369634578433,99.45056171208154,-245.3666538823556,75.98758502000886,-249.93999272886643,54.50740955456558
-242.19471155989334,-5.618591619176442,0.08716,-0.99619,-250.0646759804147,53.92179405334321,-253.2517208590984,38.95279973476179,-254.18351199247678,0.7549736259417291,-248.46775572905395,-36.940822036827356,-239.24473613461765,-65.51447518421938
-184.20190948729783,-141.19113342632872,0.64279,-0.76604,-226.9890094156451,-98.76951578357162,-208.45844927374037,-129.12987887800475,-176.0400102570639,-166.77748624080712,-148.88855739160408,-189.38325512816198
-92.53459292226927,-212.13112681901003,0.86603,-0.5,-148.7499944669698,-189.4986199105241,-135.5154537414522,-200.51743980402335,-86.64629661657409,-228.2750306104685,-44.47445468309754,-243.4144677859262,-42.015595892304205,-243.88583673646133
18.400376169166577,-241.32453973780895,1.0,0.0,-41.59962383083342,-243.9655795483713,-3.4934748365414694,-251.27061696151156,21.795794147972416,-252.7491149119296,59.18995104140147,-249.96181733910458,78.25391037676796,-245.13070714783157
130.5030817773544,-214.17466572332592,0.86603,0.5,78.98612069526322,-244.94515341947906,102.51713134905265,-238.9820214498477,138.55443321271318,-222.65494960088623,171.33130965209793,-200.57012886883393,184.34204434080158,-188.09511000220934
214.1130163767945,-135.93631910094473,0.57358,0.81915,184.19624861049024,-188.23490260653372,202.3092493871067,-170.8677029959182,228.6089470187448,-134.6621473329375,248.15476642625538,-94.20873886498939,249.87398299764354,-87.81563961443176
251.94767951955748,-27.336823043012686,0.08716,0.99619,249.987299885474,-87.39425808361065,261.3795092830874,-45.03105232223814,264.8133155234178,2.8762274770847718,264.8133155234178,2.8762274770847718,261.47976950868537,31.930239373822996
239.56967244198694,77.99301076801383,-0.34202,0.93969,262.56055392076274,22.51050344471668,259.34848599106954,50.505755176655654,244.03085524878938,99.054385834253,224.00192722318556,135.97304924583847
188.1892657049011,166.04034413111128,-0.70711,0.70711,230.67497029340106,123.67284871961125,219.30378361224146,144.6329826386795,192.17164118545554,178.07687505919608,161.86157404003885,204.69615362010666,149.96958014436285,212.0077105769228
91.26713481448868,226.76264300221266,-0.96593,0.25882,149.50666169826235,212.29232681661455,128.82825766316103,225.00603405570703,103.91241217983591,234.8646562135432,82.7260034192907,238.86674933311775,72.00184168165609,239.12204422613996,66.84891926154361,238.77476159077648,65.55958426071518,238.49020043959757,56.10075587539097,236.9068583734889,45.89478617972777,234.1333059007524,32.99631580015215,229.0247375771409,30.82721338236536,227.8633439682137,30.510885638769114,227.7328324389213
-15.931077423341009,195.4673043532597,-0.90631,-0.42262,34.36998668251455,229.56879368225987,32.99631580015215,229.0247375771409,30.82721338236536,227.8633439682137,28.718361758390376,226.99326710626428,14.757084812748303,219.55089367655762,10.834907325217669,216.92514340180912,6.918778999830895,214.86451199594217,2.9937541667934564,212.14576992137967,1.023438088080118,211.08199153774623,-0.9554606987995786,209.70248988925525,-2.939175149970436,208.62074211683154,-13.559463267393713,201.74987037788486,-39.40682143038299,190.3334655084961,-41.33370783906541,189.82697855831995,-74.73095878157466,180.1747939796373
-115.42222865060768,158.56683042389812,-0.96593,-0.25882,-60.2190352490317,184.36890458978834,-145.700117034407,159.6639017499366,-170.8047695494125,149.40619048947502,-174.29825985121315,147.46089802350158
-199.26571055339755,117.46250503422971,-0.76604,-0.64279,-153.6328322959244,156.42261001664272,-170.8047695494125,149.40619048947502,-188.27222105841577,139.67972815960775,-204.19678702691053,128.0951011467203,-206.899203382856,125.62570920443558,-207.9067804828536,124.9105374917229,-210.51895081786463,122.37046024240087,-211.495362534598,121.6273614447681,-213.97957319953204,119.05646125233545,-214.9106746458338,118.2973004949156,-217.30456519622018,115.6602347058537,-218.20437172732392,114.87477896587922,-221.87000505547596,110.4879924999974,-223.25356154642478,109.16754396717971,-226.6775756017795,104.61693652240953,-227.9774026507415,103.2306598608516,-231.15661140792923,98.5210178846088,-232.3716468530476,97.07040271154895,-240.15683314742913,84.10416867789345,-243.35041515194098,76.76339229764262
-246.2087185268261,17.037164593561393,-0.08716,-0.99619,-243.24453300383666,77.00677329452832,-249.28135316032015,63.130521877176776,-255.04043110998396,41.8293223577648,-258.07068710795505,13.449647402992635,-256.7863754586187,-12.221231047425828,-250.51777063318966,-42.6000929744188
-228.6926707755469,-70.30952685948498,0.34202,-0.93969,-255.92976720078127,-16.372519047715834,-249.6629608842675,-46.7426650553724,-233.05577295629388,-88.82976531236793,-209.93428869469358,-126.71187206406654
-156.11616421706697,-170.2209891088822,0.76604,-0.64279,-204.0862706997928,-134.04625774720466,-192.19945140521503,-149.88662961477823,-153.40097295270118,-186.82495985162421,-113.9596901961983,-212.5277975020149
-54.523087259646786,-227.73201255891607,0.93969,-0.34202,-113.05443407879145,-213.11772889855132,-102.17852781438573,-220.20526848849525,-53.7172670612578,-240.19409524739126,-2.8290390239539103,-251.02297946997325,0.6378204440624962,-251.26102215005585
60.207025511232956,-238.8255094680596,0.98481,0.17365,1.4842417504958696,-251.31913941674094,21.934242890449127,-252.72328432770615,59.848370478026354,-250.2865945581497,90.90395132152209,-243.69503085665605,119.73496155966915,-232.99603185506538
166.17911440647296,-194.45152183148525,0.81915,0.57358,119.88325929786672,-232.94099953605163,128.34682176067412,-229.80022695848635,162.64119678772673,-209.95631890612313,194.21633896832986,-183.56630411494655,214.38777556119499,-159.30169989573093
233.90783237808643,-105.70354655833646,0.42262,0.90631,212.28958587585342,-161.825652121804,222.6268130427878,-149.39080521464285,244.27860796421635,-110.44137834687074,258.4996712931249,-68.00164058074233,260.6412349160798,-52.30652573155223
252.88355077530576,6.924640482389719,-0.08716,0.99619,260.5971761887009,-52.629423813546275,264.98925802935184,-20.44068649228739,264.98925802935184,-20.44068649228739,262.3286727751713,27.7834016460642,252.67883873165698,66.91087469055773
219.48628639620023,117.62606227047527,-0.5,0.86603,252.55004149836395,67.4331127157045,250.70236669864804,74.92493543461063,227.2986488222362,125.61614164858403,197.32623907853724,167.34013062956066,193.18792566760553,171.37368100978264
141.24793977381916,201.00244956656474,-0.81915,0.57358,193.5209198807935,171.0491166759968,167.76685757188199,196.1512047740036,135.58057894763866,218.60741164242228,108.97117667112947,231.2466694021988,92.45747633570699,235.699614029078
37.78648438959583,211.27853091398197,-0.86603,-0.5,93.06362291055952,235.5361656753616,91.02150239349633,236.08682660532835,76.82483590603943,237.294726405738,71.60927013427418,237.0431007394067,66.59904131601266,236.39986888767598,57.65324436200803,234.13814571175897,51.85245243055796,231.9014765905775,47.17654132923859,229.71545364171513,42.16609105340561,226.9150341857567,38.46031452206236,224.52796175763697,35.13663608032323,222.20186655346174,31.584745434958435,219.52182735243693,30.885670036399723,218.85021454325204,28.040499466098495,216.6434080975381,27.3613181094585,215.94531814258787,22.102978911239582,211.5579964354964,20.857484609530097,210.18431358594478,15.687968681985106,205.6161809494506,14.470228558794942,204.20520874348347,9.29724125032411,199.55946201191264,8.07778777485572,198.14540364345675,5.462345480046885,195.821467610041,4.84313996669645,195.1226327193176,2.1948683265603677,192.81034667177542,1.5650121472031433,192.1212172299821,-1.3826701123089782,189.50705485929691,-2.103662372668675,188.71806145614423,-5.8686070322334265,185.41113749346894,-9.23071683962832,182.95668220321926,-13.613839864762511,180.64408558104503
-68.24399133148182,154.76008350318716,-0.96593,-0.25882,-13.131009863146254,180.89883339999042,-26.08888232091371,174.06207981024147,-67.36113733010556,162.1718887789737,-128.7500204933958,150.3687580862912
-181.51443345642122,122.06346103413323,-0.90631,-0.42262,-128.5302589874602,150.4110112377108,-153.82435305304958,145.54776104280114,-178.2459234272257,136.62207184274385,-199.54655109566883,124.80418398372944,-203.0448528199389,122.34525433108227,-203.47448708748317,122.11224990443624,-206.84930705964132,119.54384088131648,-207.26662124035093,119.29841178305793,-210.48483309016086,116.6744870161669,-210.88374034996303,116.42064930176655,-213.99378604094125,113.70583988983068,-214.38026862913088,113.44024684639625,-219.16232316436776,108.876315459267,-219.75870740176904,108.42377712536631,-224.2513637372178,103.63232073029721,-224.81444818134102,103.15009077795548,-229.01403511459094,98.13625801247368,-229.5433595924135,97.62482485260361,-233.44674317018718,92.39334350908187,-233.52102450867872,92.31231284424202
-245.97348918112905,33.08193845763411,-0.17365,-0.98481,-233.9158603099308,91.8816016033337,-233.9419520934642,91.85313907681613,-245.12719980430828,73.10981161220325,-252.9438760716928,53.03080419057978,-258.2031100686583,28.866882908534286,-259.39721400044897,3.7139457339510162,-255.41005967574048,-25.954984642447627
-225.6548737896453,-78.553672543853,0.42262,-0.90631,-255.37580005317116,-26.2099149195206,-254.35018320967873,-33.841662337439686,-243.0115292256397,-69.1762891437064,-221.49179149140306,-110.85166590095223,-203.91638743969025,-134.27264412924782
-102.39234107277085,-206.75683581415495,0.86603,-0.5,-157.4797818234434,-182.17063313276486,-130.00668024007896,-203.51294545791677,-91.58074981728782,-224.97690119278775,-52.49154658777869,-239.74896899816196
8.17771035717999,-240.69417833225867,1.0,0.0,-51.82228964282001,-240.00188561332294,-47.660296750423626,-241.57473018759023,-3.4142958703263524,-250.75504382965156,9.608198893545062,-252.02337605531213,47.992967155506264,-251.95414797948268,67.66833391103835,-249.07397275372992
122.39693840198072,-220.9886246120694,0.90631,0.42262,69.18684275434319,-248.85168609422743,78.73572771102516,-247.45387418924398,104.74945825280028,-240.48960301884247,141.57202476128077,-224.91440989774202,174.9273737950885,-203.5561985448636,178.72212827560583,-200.25843360637245
212.53160078877238,-149.82968062249708,0.57358,0.81915,179.2675458545233,-199.78444800919476,196.00934313129602,-185.23528221991262,224.43762486873055,-151.36282738162933,245.88835793901794,-112.62097353692374,249.19765486765036,-102.45614294114988
253.0374612136058,-41.4491351614561,0.08716,0.99619,249.5502910760978,-101.372986186677,259.677095141653,-70.26751272119918,265.4577486165602,-22.644945687802267,265.4577486165602,-22.644945687802267,262.36538042415,17.673452629287677
237.71091943123616,73.1350105448296,-0.42262,0.90631,262.30945286968824,18.402637925922846,261.64001010741174,27.130854703666806,259.2363490411295,39.155995133855825,244.10645024856083,86.0985461920746,220.0962105710167,130.24663771537104
174.58016399433353,170.93294382280598,-0.70711,0.70711,219.62094248952826,131.1205223180007,215.52283158481782,138.65579800552274,183.98966124980268,177.15419125805636,153.11494690991523,204.10751595829046,134.64216505552872,215.51817665790458
77.14714837784214,226.0355107070388,-0.98481,0.17365,136.06359009953096,214.64016061165367,120.70655769169326,224.1262189400696,103.73336557784212,231.25944132452307,89.05163754250923,235.0579045454113,76.43213379108526,236.08953201670894,71.17759512519325,235.77020585192466,66.18912774177628,234.98121788649118,56.52349833910395,231.8193996201102,50.2412209227844,228.44894231788845,42.88003100962435,223.10828249123188,33.283698130370226,213.4982777080233,18.256030444127965,192.9647956309872
-2.1538384747831856,176.75119101752247,-0.81915,-0.57358,40.383559823189785,220.60825458008645,33.283698130370226,213.4982777080233,10.164209382305195,181.9083052818139,9.518744622247084,181.20209839780742,7.5052844391634,178.44844942754798,6.766425138280225,177.6399038351667,4.39126568029619,174.44753817536997,2.8045302388425877,172.5006651157617,1.14867049608891,170.63557839601265,-1.8412636505687332,167.8192082031513,-6.502674378096907,164.32422163389992,-11.530801280034122,161.1666935562693,-22.70727478012386,155.85922932872433,-45.54720065906766,149.55878242187208,-55.47896599479648,148.51472491559792
-114.06970624029071,132.4706223022882,-0.99619,-0.08716,-55.24664013181633,148.53914771989838,-135.83597643842123,140.0673505466524,-157.4079723033809,135.9784285302454,-172.94805110863504,131.5211099036815,-173.91994555296958,131.13643653792354
-217.57787108518417,90.99262122725867,-0.70711,-0.70711,-173.1666420279652,131.4345921700397,-186.83225745627158,126.02577610713938,-195.28126440346838,121.84504524894744,-199.3811564863539,119.57132389645263,-199.7992768215592,119.25311313245611,-203.34681729342543,117.16674823211817,-203.74553480384236,116.84165939415435,-207.13660013084154,114.68381380263851,-207.52191649068993,114.34746489197016,-210.80736109490385,112.08968858293697,-211.39982951151237,111.52424434081931,-216.46962420520438,107.67726734173026,-217.02623788784146,107.08363409001439,-221.81295481945585,102.98425201349492,-222.33325892774621,102.36306763807296,-226.8329862186613,98.015432409842,-227.31659247423585,97.36728265636796,-231.52630730915303,92.77506610794995,-235.89019590359567,87.2672995599313,-239.92176309565696,81.49607032726541,-243.61801997900452,75.46517706509935,-246.97522202197683,69.17839175668043,-249.98881359924462,62.639485275889214,-254.6037227883386,50.03482426194446,-255.8812835939442,44.678485102882824
-247.65876375671456,-14.944435572478838,0.08716,-0.99619,-255.9089029595949,44.56268733487513,-258.59610030585617,33.296264389876825,-260.36471540666156,18.373133767863408,-260.3879680931852,-1.2369013751542473,-255.07234870684178,-35.52779939720543,-245.97445082596116,-64.12653758783082,-241.26720678814416,-74.31527025850602
-201.69665445735785,-119.57362747345417,0.57358,-0.81915,-241.3651281699054,-74.1033214465275,-232.89877294313618,-92.42857278415083,-206.27306930758596,-133.2926797209919,-171.16808674246852,-171.3174928039526
-90.05872530217155,-212.1913564077647,0.90631,-0.42262,-146.2678630738864,-190.75975076648615,-132.51695798522505,-201.59607004571868,-79.9959263196978,-229.73814686761472,-38.31966170369936,-242.9695711934889
23.065749758174206,-241.74968698804858,1.0,0.0,-36.934250241825794,-243.40941308159663,-27.900595549699737,-246.27742727495743,22.211140375402543,-252.6716231592592,60.989157765743265,-250.9005135200566,82.86867687740222,-246.13411745387566
136.92006014148996,-216.93528600706952,0.90631,0.42262,84.19782501531284,-245.84456600516336,105.64123758545547,-241.17317460948323,142.77245206286574,-225.9284827298163,176.35662014406614,-204.88617975250327,191.11354599965813,-191.39815825773226
221.2160399445218,-139.5727417722524,0.5,0.86603,191.0617751909156,-191.44547744791825,207.75433473043213,-176.1882616785224,233.8951323479187,-140.80196631013564,252.61060535091258,-100.85431927021023,255.26961973478447,-90.38279552290564
254.78846480114052,-29.3676080037865,0.0,1.0,255.52740439734228,-89.3676080037865,262.8375837504199,-60.57922793442324,265.6084946034866,-12.481519169151754,265.6084946034866,-12.481519169151754,259.66532809939946,30.31400018982785
230.70389914313145,83.75686705655929,-0.42262,0.90631,259.5681663334302,31.013642078311282,258.8548963033876,36.14975282968871,243.01085414746373,83.53655274541192,212.7997573904991,137.8912066350285,210.8678104816978,140.22363255947258
162.09937878395402,179.00037670414065,-0.76604,0.64279,209.38662727940488,142.01185462920975,180.60064224381034,176.76497204243012,149.49880907205664,203.8654735499826,120.24837753483709,221.97598725572183
59.76770847968821,221.66363034367336,-0.98481,-0.17365,120.68619549050227,221.70491063667765,117.35547771247471,223.76713696288286,100.70676135062382,230.7735204687233,85.19938111438637,234.53807015910346,78.32729895942242,235.1728241507957,72.83812765456958,235.1021165052219,67.66868783570916,234.4828156496845,62.82077673344195,233.32907417037057,58.29031148140098,231.65917094656058,54.06698057099635,229.49553087044882,50.376951863067944,227.0655951378014,48.07406546696162,225.24555939464685,45.96453253326289,223.37184937619463,42.1235438396846,219.40493812063883,38.476685064870566,214.86946980517234,36.0179990382113,211.33345228292032,33.75534970027403,207.73698321684358,31.37334893285239,203.5881970067706,29.098562157353232,199.283733546594,25.136972510248007,191.21585544224834,24.925908645965258,190.60843896897958,21.225089151112297,182.80515848153627,21.02393120981391,182.19829416323145,17.28701162779516,174.55944471463857,17.081377287324674,173.97064375158328,15.146304240235574,170.27262705852888,13.623155313932124,167.68344889545864
-2.2624552901757227,154.2151691360803,-0.70711,-0.70711,32.04605281728624,204.75986102861836,31.37334893285239,203.5881970067706,29.098562157353232,199.283733546594,25.136972510248007,191.21585544224834,24.925908645965258,190.60843896897958,21.225089151112297,182.80515848153627,21.02393120981391,182.19829416323145,17.28701162779516,174.55944471463857,17.081377287324674,173.97064375158328,15.146304240235574,170.27262705852888,7.5305596087182884,157.32673624317758,4.868137361861272,154.20085766805485,0.7950947641198042,150.44282795652651,-3.7159558411517404,147.1222874422829,-14.057225225158632,141.7307871205928,-26.87123141369495,137.75954487454803,-64.64040476864568,134.0994768193872
-96.05505231569285,122.82641156578765,-0.99863,-0.05234,-36.70538279317733,136.8065543768371,-67.92468071255443,133.7812100319819,-140.24180691209153,131.6496899963729,-156.1927146699848,128.71432512888333
-207.22356871047904,97.22962711858469,-0.78801,-0.61566,-155.74544491173882,128.79663391999247,-173.4728647410359,125.53434652243627,-195.61524597707438,117.26105079782027,-213.42757225635032,106.95368913061627,-229.274096917964,93.52881460984098,-242.1847244886063,77.48792572874686,-252.05935680039957,58.91067943821534,-252.3993858836475,57.82138855601871
-249.4489211562298,-1.9812673446614752,0.05234,-0.99863,-252.3596859320082,57.94856825174136,-258.85993846535825,37.124861794282396,-261.7386705626915,13.0218946838369,-259.79178660444927,-17.194445525196908,-253.36628346944593,-45.40477002882977,-246.68247726520798,-61.711283345221986
-208.53143360924113,-109.41302688584145,0.54464,-0.83867,-246.37963035543916,-62.45014037010734,-235.77731977408286,-88.3166471772304,-209.37616190368584,-129.7743770044101,-179.9095905603885,-162.2230012493926
-126.50962067258371,-191.24800197981855,0.84805,-0.52992,-179.44400450852277,-162.73570517665604,-173.44131880210372,-169.3458699860961,-132.51695798522505,-201.59607004571868,-79.9959263196978,-229.73814686761472,-79.99592631969784,-229.73814686761472
-9.067622300378218,-237.808576244011,0.99255,-0.12187,-68.90587798231236,-232.8195938291732,-28.822598406769004,-245.80654989825973,22.29681609455633,-252.6558880537908,49.30735785345135,-251.64013754755396
106.33758814424874,-230.05407593745502,0.95106,0.30902,50.25178972547467,-251.6046215197498,61.442528788607106,-251.18378587083885,106.4587063355276,-241.832517333086,143.8864360205667,-226.90844698883873,164.16349917355478,-214.46405947546938
203.04076843777017,-168.47422056186358,0.60182,0.79864,164.27857069495954,-214.39343807466247,177.68154127554686,-206.16780113322312,209.18431581761618,-177.75501776058732,227.3841114001464,-154.8906950641219,242.31559769969553,-129.78095677253708,244.193876262855,-125.05451686081136
251.14421457472082,-64.88139481950572,0.20791,0.97815,244.30744358897462,-124.76873968517407,256.76389433938385,-93.42372668233907,265.05320693000095,-50.63586557482434,265.05320693000095,-50.63586557482434,264.7892940990105,-6.953287798033983
242.7365116541068,47.22131078868216,-0.30902,0.95106,264.7998342055118,-8.697875282822087,264.7599704511226,-2.0996680450572685,254.85727087577482,46.65960106014636,235.97563963286035,93.83630397563003,228.77346307671107,105.65728929051707
186.0939922384071,149.90914073055728,-0.61566,0.78801,228.1725679792689,106.64354283030093,205.9665706489049,143.0904094543262,167.1731213363724,186.2348903714796,151.30336389680866,198.6756619134197
-219.4940277110043,86.25695216642328,-0.78801,-0.61566,-170.64484657729594,121.18885697886272,-187.8629760121396,116.82488165290061,-204.55312815694785,109.70179722661227,-216.5403994870066,102.54928121222463,-227.26159093567134,94.13240426651282,-236.68657346220468,84.4714385607067,-244.78674184742644,73.58378257083115,-251.5193002996976,61.48658107770604,-255.4967785023517,51.801447608946766,-258.89986189201676,40.08197283830603
-249.05235829128804,-17.37966369531287,0.13917,-0.99027,-258.37185476869786,41.90031386963293,-260.09553983973694,35.96431954051334,-262.6363120155307,16.704949638670055,-261.3556675331218,-13.309115052118678,-255.39767059605018,-41.54842299949487,-241.53067025917275,-76.55997786843167
-200.88322697526985,-122.11103254150395,0.61566,-0.78801,-241.17758452188778,-77.45145261885169,-238.27791709373236,-84.7725648129971,-212.06601247773938,-126.74963211260398,-176.0451187852023,-166.97339528880258,-168.63166237182517,-172.88440543729945
-113.30298821887317,-199.47357677632104,0.84805,-0.52992,-167.83566360358543,-173.51908331694082,-134.85924982199592,-199.8123405582298,-81.6934333226171,-228.67643435733996,-64.77476614954574,-234.15807133043427
-3.886076599214846,-237.45420698367843,0.99255,-0.12187,-63.96442516938053,-234.4206212720016,-28.822598406769004,-245.80654989825973,22.29681609455633,-252.6558880537908,54.78775763061847,-251.43404324194069
111.2527439525281,-228.34586215301314,0.95106,0.30902,55.65594828239264,-251.4013943190897,61.442528788607106,-251.18378587083885,106.4587063355276,-241.832517333086,143.8864360205667,-226.90844698883873,168.5568628567022,-211.76777551423933
204.6716652926846,-165.75518485510858,0.66913,0.74314,167.099153141575,-212.6623974050023,177.68154127554686,-206.16780113322312,209.18431581761618,-177.75501776058732,227.3841114001464,-154.8906950641219,242.31559769969553,-129.78095677253708,245.34973999403007,-122.14593845359552
252.31531517616455,-62.06018216753482,0.12187,0.99255,245.53547992976695,-121.6785484387771,256.76389433938385,-93.42372668233907,265.05320693000095,-50.63586557482434,265.05320693000095,-50.63586557482434,264.76876754548897,-3.555753970950285
241.33859191869618,52.14444917080656,-0.30902,0.95106,264.7674100203,-3.3310578111318874,264.7599704511226,-2.0996680450572685,254.85727087577482,46.65960106014636,235.97563963286035,93.83630397563003,226.07264686815506,110.09015878359973
183.18531338444902,152.33624230812447,-0.682,0.73135,225.9950716510338,110.21748355760943,205.9665706489049,143.0904094543262,167.1731213363724,186.2348903714796,148.1294124088959,201.1638162218077
90.93412856104442,220.76560218978892,-0.9563,0.29237,147.76886360872953,201.4464610744258,135.43360645724488,211.1164334553598,105.46800368113645,227.4434891635166,89.084682652818,232.80455663255285,77.94883592883907,234.4690805214169,69.12601509897603,234.250805663648,64.05304341397947,233.32474158456466,59.35259172428362,231.80669551482845,55.020076679708176,229.71637713468516,51.043832943482684,227.07839141061007,48.22599996848637,224.75388241223382,45.87412068725953,222.40630198101056,40.89584480644247,216.1223161400629,37.754960578905234,210.9712400390839,33.73099941494641,202.57395383248624,30.1179923422457,193.0803445598725,28.516028521607183,188.15097296319078
-177.57691665243937,-147.31041773533616,0.64279,-0.76604,-220.60846522077495,-105.09391880870103,-214.5029253662142,-116.88560095053766,-179.48212158000888,-162.44624278805318,-142.0497231324926,-195.66183432170092
-85.32573182903482,-217.3746087404535,0.90631,-0.42262,-141.59281631120882,-196.06727001308408,-137.4232469198782,-199.76713215170233,-94.16075322300338,-226.02446385778967,-79.33372170122999,-232.76040833763477,-33.43502101701231,-247.27349208337634
26.485039649965017,-241.31320733386855,1.0,0.0,-33.51496035003498,-247.24821541502968,-32.97139777777779,-247.42008888888887,2.519594122455109,-252.3295570684478,40.57502050515855,-251.664778621511,75.11983666666666,-245.34143333333336,86.13890956666664,-241.49729633333337
-156.654590604736,-169.6365364120646,0.76604,-0.64279,-205.77983786452523,-134.8384351175344,-203.86489179034385,-137.58844524093695,-164.24457184026446,-177.52570892681078,-123.94776850490481,-206.62125322193035,-114.1512993704615,-211.70010224956087
-54.930143289181316,-225.72073180569194,0.93969,-0.34202,-113.75276489368812,-211.90671714438264,-83.12914711139088,-227.78312417039098,-29.619586119086833,-245.40952922222186,-0.1833444775289692,-250.2484023365128
59.97512995921119,-240.2006646134162,0.99619,0.08716,0.6370848616055969,-250.38326851676965,8.609299129689623,-251.69378002000232,61.89589981147094,-251.46705822162113,93.92532307778443,-245.9572943134767,119.84883124125001,-237.5165190031221
167.64043680374155,-200.96471765055068,0.81915,0.57358,119.9619940943293,-237.47967282434502,132.61712630683755,-233.35912220846987,167.9215726650919,-214.78285352890703,194.69636385526442,-194.53159646171736,218.59121102799762,-169.4392014568573
239.57300623566195,-113.38447889415397,0.34202,0.93969,218.47874699644316,-169.55730189429485,219.84883456340464,-168.11854908818043,236.39465737615413,-144.2090517298499,253.04981647490283,-109.06818737320563,262.93871024691316,-72.04665896452175,263.95842412701796,-58.88220408219266
252.88520252663412,0.3530578374866309,-0.17365,0.98481,263.9790011318913,-58.616555984669006,266.3377565139292,-28.165142690091344,266.3377565139292,-28.165142690091344,260.56638617856066,20.902440667662752,247.89824316478214,60.229264138608286
211.31378253026497,109.18610119876908,-0.5,0.86603,247.68188943720665,60.90090992302902,243.67552882685598,73.33820529559014,210.9123545049644,132.46784942967793,185.56499083914036,162.9938173486501
135.17736163803764,195.3650561350633,-0.81915,0.57358,185.66931636556583,162.86817754978264,174.7018349823586,176.07637502820964,143.2070188802274,203.44506538458225,111.52848400288887,223.148336836278,99.74944721948536,228.30486291657695,87.61351922553219,232.02971980575717
37.55458883757416,197.46698186521667,-0.70711,-0.70711,87.9475850845245,231.92718561826632,85.8001046977001,232.5863076167841,74.5775948871597,234.03689413744252,65.79880195193714,233.4873102129669,60.81400872279534,232.28420154380245,56.24931765860948,230.43689868270835,52.10012389230226,227.96657837405166,48.35401483246499,224.89975357487572,43.78995848839682,219.7948979964298,39.55678208828473,213.04770712510248,35.02945115520532,202.3845827862132,30.903043206179348,187.4145887346528,22.20757975855515,145.3734172924088,19.462759330223225,137.4803554941206,17.98083333222325,134.46932823489252
-2.6155473386932044,117.3602568160326,-0.64279,-0.76604,27.403638557963944,170.49552839387155,22.20757975855515,145.3734172924088,19.462759330223225,137.4803554941206,16.375413501056606,131.2073820373954,14.149456383350781,128.6441352080371,13.149372697969946,127.20150675329258,9.4569823735898,123.61313099125093,5.225333210361879,120.57132234543813,0.44606046547848077,118.07121918803774,-4.881523220068415,116.09862151904974,-18.64062184973485,113.47669530865672,-78.9188830940305,116.91675765887155
40.47204139546349,208.39472989395733,-0.86603,-0.5,98.00356367924677,228.7476367151077,93.99745058324248,230.40616246137944,81.8764945597179,233.32404099950182,71.20104832599918,234.03048631801812,65.79880195193714,233.4873102129669,60.81400872279534,232.28420154380245,56.24931765860948,230.43689868270835,52.10012389230226,227.96657837405166,48.35401483246499,224.89975357487572,43.78995848839682,219.7948979964298,39.55678208828473,213.04770712510248,35.02945115520532,202.3845827862132,30.903043206179348,187.4145887346528,22.20757975855515,145.3734172924088,19.62744855592314,137.9539392020179
11.29322518312398,131.82040780794767,-0.5,-0.86603,31.46576614261034,189.45606381785126,30.903043206179348,187.4145887346528,22.20757975855515,145.3734172924088,19.462759330223225,137.4803554941206,16.375413501056606,131.2073820373954,14.149456383350781,128.6441352080371,13.149372697969946,127.20150675329258,9.4569823735898,123.61313099125093,5.225333210361879,120.57132234543813,0.44606046547848077,118.07121918803774,-4.881523220068415,116.09862151904974,-18.64062184973485,113.47669530865672,-62.56159019022366,116.02176537494421
-73.0173513263673,106.36375174275514,-0.99863,0.05234,-12.500833560594776,114.64668996272883,-18.64062184973485,113.47669530865672,-131.410675696936,120.01133466804355
-189.32390839486212,100.99216376569609,-0.92718,-0.37461,-132.31742694166803,120.06387780490351,-137.345941688894,120.3552630553797,-165.78574609872035,118.63033967468579,-184.6872823658838,114.74462335734228,-201.8945312626488,108.69794058643737,-214.31383812309946,102.33832539178853,-225.4762627585545,94.64514744826316,-235.34652576619308,85.63241615712536,-243.72022616418275,75.51908688976627
-252.61522760281792,15.980945346153618,-0.13917,-0.99027,-243.86745490994048,75.34127150198208,-243.89111800903967,75.31269241492221,-251.06203682864054,63.699582616758164,-257.9701441958216,47.3908251605295,-262.34494807037663,29.13501151035774,-263.8475795117952,10.227553684252168,-261.78221644162613,-16.80409996549148,-254.87884662009486,-44.05530901330421
-221.0863416505155,-92.85209801512879,0.52992,-0.84805,-255.06215493981443,-43.33169526088707,-252.69883509750605,-52.66095397577139,-232.77795307515078,-96.0670612689278,-203.86489179034385,-137.58844524093695,-194.75221820182563,-146.7740158886879
-143.54863693818564,-179.03105295142302,0.78801,-0.61566,-194.60421130881875,-146.92320676652,-164.24457184026446,-177.52570892681078,-123.94776850490481,-206.62125322193035,-99.45659566879647,-219.31837579100673
3.467223822270455,-239.28740471081386,0.99027,-0.13917,-56.71215814769951,-236.3676581806864,-41.340478999808866,-242.23142636773403,8.334686889038895,-251.6136221915782,49.06201335457144,-252.73861739345674,62.22815720679474,-250.91609678488336
119.07313898071419,-227.31810541410624,0.92718,0.37461,63.807108921663534,-250.69753073603948,94.46250939672085,-246.45406357078994,133.39057888714183,-234.135471988753,168.87038529470885,-215.82130196784993,176.61688067742773,-209.8308156560203
210.15658728736668,-164.84420176787665,0.61566,0.78801,173.43260847895758,-212.29326326305417,201.14744938937088,-190.86094233522633,220.90434464887127,-169.5376170305284,237.40039499633116,-145.73730042225472,249.767126971446,-119.88031178643581
255.40637731150494,-48.36248422186905,0.05234,0.99863,254.33317586929775,-108.38862982786414,262.8497800480956,-77.62880151570198,266.53467422926803,-41.88792018275095,266.53467422926803,-41.88792018275095,262.66990693143913,7.202793642351254,261.58500055538826,11.128263202270762
239.64193433535354,49.72738318529531,-0.37461,0.92718,263.65291438286044,-5.283478820359936,262.66990693143913,7.202793642351254,249.10857723080338,56.27116314134556,223.287111093028,107.03588056568489
177.16803068912404,154.53173556378334,-0.66913,0.74314,220.39705536644306,112.717698225374,216.00413346442465,121.35413419819086,183.38833071409633,163.9930195486413,141.3418624127871,202.47763067143546
83.74910934896755,220.8007828894569,-0.97437,0.22495,141.1398059735856,202.6625704250386,140.48377122296446,203.26303089843125,109.06001291798466,222.88931358441704,91.09130456125277,230.24982563235608,78.91054345422181,233.0822358528477,69.54493873279357,233.60882438572114,62.83482276495715,232.80208982208745,57.930742846084165,231.3499130487253,53.490924966409125,229.206941385609,49.511148529522536,226.39575353148143,45.9787675245806,222.94488720914265,41.83235614134077,217.32663200896178,38.2515007458016,210.19750007948932,34.50116893023202,198.50050253824242,29.214025646913242,159.67161486305815
33.24450499944547,158.32687924322727,-0.30902,-0.95106,42.604969885626254,218.37349899473864,41.83235614134077,217.32663200896178,38.2515007458016,210.19750007948932,34.50116893023202,198.50050253824242,26.108878004329195,136.86734749826738,23.900134248724815,128.40428232627923,22.983513565884817,125.81612709113058,21.828662166532066,123.49401791080312,21.184958746902605,121.79128389951677,18.335464552585783,117.57211963701961,14.963289485070218,113.86673620796732,11.013306429844645,110.75990289739323,6.474885423986871,108.24761862091641,1.3457000940682629,106.31568337853686,0.3240923366660451,106.07652142108621
-56.155067250050834,100.08718820674014,-0.99863,0.05234,4.312338413626098,107.43308365797624,1.3457000940682629,106.31568337853686,-5.039348389695628,104.82092114447032,-30.096554819435738,104.04759303683343,-114.92159619119897,113.84715180540502
-174.38605409815287,102.77765314133663,-0.97815,-0.20791,-115.41039658786693,113.90362131176524,-137.4700249102753,116.45209780717722,-162.519778416846,115.83283979274883,-186.4565233479505,111.85425601190198,-199.52384149004118,107.8269454307479,-212.34507961847632,102.15798450058388,-223.916072433445,95.09001637912768,-232.54920400589054,87.98471186725403
-250.99190507011537,30.90113506222042,-0.22495,-0.97437,-232.32449139096175,88.16965652416444,-234.1936100196897,86.63132053165906,-243.13710105225763,76.79127120284649,-249.2165451143022,67.84673274180321,-255.87016359211253,55.20886298234983,-261.87103634603443,36.56264946477588,-264.10977013052127,22.539784344086854,-264.63465620224815,3.077916921048547,-260.4593981260165,-28.077021154208094,-260.3439318240766,-28.440617192592732
-227.92910886426426,-80.03383402921543,0.45399,-0.89101,-260.13356639463814,-29.10304454561192,-248.91276793202968,-64.43662499267465,-226.1026073689528,-107.79908285234507,-204.65421636884827,-135.35711017392168
-155.23751069645493,-169.657611689928,0.78801,-0.61566,-204.6171779376742,-135.4046991095317,-193.60504524758227,-149.55366970321873,-151.18381208641287,-187.90822108118115,-112.71874221464986,-211.64919749610814
20.183518026638737,-240.60709294180785,0.99863,-0.05234,-39.955943729938205,-241.69592641468583,-30.963708228466444,-244.74076232018106,8.130060984954152,-251.5751220306895,49.26746727431926,-252.92306296285057,79.65258495343267,-249.71207283166908
123.13116934349125,-226.22057905542368,0.92718,0.37461,68.39123970642852,-250.90213136077637,81.25180167338601,-249.54307335108058,121.3415800118389,-239.56845322949619,158.24039873866207,-223.4542521844651,180.50967692505841,-208.59642312884318
214.6817122568447,-160.64049627463365,0.61566,0.78801,179.4831286374306,-209.2813253895834,190.98933724806847,-201.6045035732564,212.29017152543207,-181.7690768338297,230.42784843695466,-159.27612816897587,245.1216849975027,-134.43331072322215,252.73886212884685,-114.53059422167263
254.4781727477516,-56.66523682303951,0.05234,0.99863,251.94124522267563,-116.61466590421824,258.97109796358296,-98.24655344767754,266.23606448361977,-55.37917240423735,266.23606448361977,-55.37917240423735,264.4356735948994,-6.432825558696984,262.3277619411803,2.471836635242341
240.2317872433779,43.76010361762873,-0.37461,0.92718,264.6074713246134,-11.103406441182255,264.4356735948994,-6.432825558696984,252.72505329646003,43.03751996318836,225.4282541658879,101.99019083757992
182.77915061918188,144.41899136164744,-0.60182,0.79864,225.62096541785198,101.57399394370648,223.68590528521307,105.75312727637088,185.3940141754996,159.1386632248716,149.56456072335138,194.02312450886035
93.79762804268282,216.3515607935679,-0.95106,0.30902,149.61478452184716,193.9742253494997,148.83334738759325,194.73505229016624,117.08634148158167,217.11400852657096,97.4916006465705,226.92392778370268,80.29162282427866,232.21989080237645,68.92116921089723,233.30347328954662,65.54969557863791,233.11415862506686,60.219558140305054,232.18901441615645,55.389410003430136,230.51462709827732,51.064117338749895,228.108558815899,47.24015986183997,224.99461372662458,43.905057222608036,221.20355813252684,40.0907391342409,215.05177243896534,37.040475686663356,207.53219032432997,34.02758286251754,194.9761856413347,32.38463215299171,168.96776575411178
41.01593748549436,160.06666068612347,-0.13917,-0.99027,43.361406224649116,220.32675018047536,40.0907391342409,215.05177243896534,37.040475686663356,207.53219032432997,34.02758286251754,194.9761856413347,30.20676725896911,134.49148822918835,28.533133855319033,123.28007437727211,25.45203203365821,113.5636686534033,22.88764106454109,109.21984954629066,19.783716151967546,105.4063323425122,17.221238397070714,103.21919800099052
-35.35403071008358,98.64371990497074,-0.99939,-0.0349,24.233547656654608,111.49967927647583,22.88764106454109,109.21984954629066,19.783716151967546,105.4063323425122,16.06998027530547,102.23657242726338,11.733760983703167,99.70743868459924,6.771253856967711,97.80482774472705,0.5285781734494441,96.3961788422048,-17.797859566450047,95.76328160128655,-95.50200432818278,107.26654611550401
-153.762513508732,101.91338215187629,-0.99939,-0.0349,-93.90466998020533,107.03007791192528,-133.77419503172283,112.93233311504397,-169.612518702994,112.66540845265371,-188.6482718940568,109.50703408985775,-204.17897760102326,104.74093893288628,-213.61342372918512,100.3871917729841
-246.01369833213647,51.46716462819171,-0.46947,-0.88295,-211.79426409303568,101.22668579220932,-216.75823910523908,98.93594271968337,-228.06266209724467,91.66962724750076,-238.04233104040932,82.94745722083258,-246.64385468704143,72.78043266163658,-253.2568693597342,62.20671315353649,-259.62987549969625,47.49690793396484,-263.27329017033577,33.83715179175629,-265.42210528013067,15.261138625127264,-264.3560880415772,-6.460737273602367
-238.30663732157348,-59.23425715989376,0.37461,-0.92718,-264.4241192360281,-5.074488431031899,-264.1060346152499,-11.555992114045127,-255.76263265958335,-47.46986095397928,-236.395749956942,-91.32519463713521,-219.4390891517103,-116.25128201429307
-166.3740678896531,-159.42605029721167,0.73135,-0.682,-214.67839211710464,-123.24944937895167,-207.65564689722726,-133.5728003611316,-167.8055433921974,-174.4404367022041,-127.0697182187878,-204.32347501126273,-126.65408503351111,-204.54296239060494
-56.13974070826845,-224.5857479319706,0.95106,-0.30902,-114.75682776460918,-210.825660480684,-85.50639969111528,-226.2722129454855,-30.963708228466444,-244.74076232018106,-1.6433813184010013,-249.86653210306238
113.63783245994597,-230.28094196904198,0.9563,0.29237,57.43852858349305,-251.6784865767243,72.31982146631117,-251.23366364283237,108.74959956315553,-244.1242345165663,146.96539641292156,-230.2508770282868,171.68565301340703,-216.00829336756632
215.81477767574205,-161.38448748067674,0.61566,0.78801,181.23327173391002,-210.50742982132175,181.29908613581807,-210.4695108328417,202.7548592969056,-193.1381106040613,222.50718114543315,-172.0469353272055,238.94615767455826,-148.44626159155985,254.34421213362648,-115.83609611555224,254.43781307591638,-115.48197756827038
255.2258851161206,-51.61725490599284,0.05234,0.99863,255.43466928294345,-111.71059169067937,263.70430636261693,-80.42424138736395,266.87530298900685,-44.567962644350075,266.87530298900685,-44.567962644350075,262.1602651506213,4.839323440253635,261.2883363067369,7.8112243590154815
236.54210084808915,51.14355856817929,-0.37461,0.92718,262.9006401229431,-2.9188153745793484,262.1602651506213,4.839323440253635,247.62811775254787,54.37100541961836,219.29017224537827,108.32895537788708
190.12457430719894,132.30124648244026,-0.60182,0.79864,230.26925696058396,87.42380883150888,213.06964762185322,120.17338341750705,178.48540238192942,164.46394887311124,158.1636253824636,182.94737746299523
104.58787445511823,211.99926375076126,-0.95106,0.30902,158.21974098595686,182.89633818872446,136.1483669663756,202.97109176870293,104.98478910548118,222.46851079181386,86.45778365191734,230.00255438891702,74.01428274224496,232.67590383790957,66.61571272323997,232.99657453444627,63.24728594968832,232.73060305157483,57.949254521791545,231.64608571209143,53.18661490296903,229.77593144880456,48.96559591786812,227.13873560239432,45.46773238227788,223.92869863426492
43.57364145482855,162.6623959179912,-0.05234,-0.99863,44.464287879116824,222.69810956183602,42.12873888539915,219.67190281750845,39.46413293253879,214.90176734889152,35.95074809374576,204.93425917776437,33.153586167959254,186.17336853400153,32.58284370481104,123.16998360842616,30.58450017690683,110.90450578701513,29.124390201231325,106.63714068870044,27.804220787083768,103.89372814639052
