{
  "backpropType" : "Standard",
  "cacheMode" : "NONE",
  "confs" : [ {
    "cacheMode" : "NONE",
    "dataType" : "FLOAT",
    "epochCount" : 0,
    "iterationCount" : 0,
    "layer" : {
      "@class" : "org.deeplearning4j.nn.conf.layers.DenseLayer",
      "activationFn" : {
        "@class" : "org.nd4j.linalg.activations.impl.ActivationLReLU",
        "alpha" : 0.01
      },
      "biasInit" : 0.0,
      "biasUpdater" : null,
      "constraints" : null,
      "gainInit" : 1.0,
      "gradientNormalization" : "None",
      "gradientNormalizationThreshold" : 1.0,
      "hasBias" : true,
      "hasLayerNorm" : false,
      "idropout" : null,
      "iupdater" : {
        "@class" : "org.nd4j.linalg.learning.config.Nesterovs",
        "learningRate" : 0.001,
        "momentum" : 0.99
      },
      "layerName" : "layer0",
      "nin" : 10,
      "nout" : 50,
      "regularization" : [ {
        "@class" : "org.nd4j.linalg.learning.regularization.WeightDecay",
        "applyLR" : true,
        "coeff" : {
          "@class" : "org.nd4j.linalg.schedule.FixedSchedule",
          "value" : 1.0E-5
        }
      } ],
      "regularizationBias" : [ ],
      "weightInitFn" : {
        "@class" : "org.deeplearning4j.nn.weights.WeightInitNormal"
      },
      "weightNoise" : null
    },
    "maxNumLineSearchIterations" : 5,
    "miniBatch" : true,
    "minimize" : true,
    "optimizationAlgo" : "STOCHASTIC_GRADIENT_DESCENT",
    "seed" : 12345,
    "stepFunction" : null,
    "variables" : [ "W", "b" ]
  }, {
    "cacheMode" : "NONE",
    "dataType" : "FLOAT",
    "epochCount" : 0,
    "iterationCount" : 0,
    "layer" : {
      "@class" : "org.deeplearning4j.nn.conf.layers.DenseLayer",
      "activationFn" : {
        "@class" : "org.nd4j.linalg.activations.impl.ActivationLReLU",
        "alpha" : 0.01
      },
      "biasInit" : 0.0,
      "biasUpdater" : null,
      "constraints" : null,
      "gainInit" : 1.0,
      "gradientNormalization" : "None",
      "gradientNormalizationThreshold" : 1.0,
      "hasBias" : true,
      "hasLayerNorm" : false,
      "idropout" : null,
      "iupdater" : {
        "@class" : "org.nd4j.linalg.learning.config.Nesterovs",
        "learningRate" : 0.001,
        "momentum" : 0.99
      },
      "layerName" : "layer1",
      "nin" : 50,
      "nout" : 50,
      "regularization" : [ {
        "@class" : "org.nd4j.linalg.learning.regularization.WeightDecay",
        "applyLR" : true,
        "coeff" : {
          "@class" : "org.nd4j.linalg.schedule.FixedSchedule",
          "value" : 1.0E-5
        }
      } ],
      "regularizationBias" : [ ],
      "weightInitFn" : {
        "@class" : "org.deeplearning4j.nn.weights.WeightInitNormal"
      },
      "weightNoise" : null
    },
    "maxNumLineSearchIterations" : 5,
    "miniBatch" : true,
    "minimize" : true,
    "optimizationAlgo" : "STOCHASTIC_GRADIENT_DESCENT",
    "seed" : 12345,
    "stepFunction" : null,
    "variables" : [ "W", "b" ]
  }, {
    "cacheMode" : "NONE",
    "dataType" : "FLOAT",
    "epochCount" : 0,
    "iterationCount" : 0,
    "layer" : {
      "@class" : "org.deeplearning4j.nn.conf.layers.DenseLayer",
      "activationFn" : {
        "@class" : "org.nd4j.linalg.activations.impl.ActivationLReLU",
        "alpha" : 0.01
      },
      "biasInit" : 0.0,
      "biasUpdater" : null,
      "constraints" : null,
      "gainInit" : 1.0,
      "gradientNormalization" : "None",
      "gradientNormalizationThreshold" : 1.0,
      "hasBias" : true,
      "hasLayerNorm" : false,
      "idropout" : null,
      "iupdater" : {
        "@class" : "org.nd4j.linalg.learning.config.Nesterovs",
        "learningRate" : 0.001,
        "momentum" : 0.99
      },
      "layerName" : "layer2",
      "nin" : 50,
      "nout" : 50,
      "regularization" : [ {
        "@class" : "org.nd4j.linalg.learning.regularization.WeightDecay",
        "applyLR" : true,
        "coeff" : {
          "@class" : "org.nd4j.linalg.schedule.FixedSchedule",
          "value" : 1.0E-5
        }
      } ],
      "regularizationBias" : [ ],
      "weightInitFn" : {
        "@class" : "org.deeplearning4j.nn.weights.WeightInitNormal"
      },
      "weightNoise" : null
    },
    "maxNumLineSearchIterations" : 5,
    "miniBatch" : true,
    "minimize" : true,
    "optimizationAlgo" : "STOCHASTIC_GRADIENT_DESCENT",
    "seed" : 12345,
    "stepFunction" : null,
    "variables" : [ "W", "b" ]
  }, {
    "cacheMode" : "NONE",
    "dataType" : "FLOAT",
    "epochCount" : 0,
    "iterationCount" : 0,
    "layer" : {
      "@class" : "org.deeplearning4j.nn.conf.layers.DenseLayer",
      "activationFn" : {
        "@class" : "org.nd4j.linalg.activations.impl.ActivationLReLU",
        "alpha" : 0.01
      },
      "biasInit" : 0.0,
      "biasUpdater" : null,
      "constraints" : null,
      "gainInit" : 1.0,
      "gradientNormalization" : "None",
      "gradientNormalizationThreshold" : 1.0,
      "hasBias" : true,
      "hasLayerNorm" : false,
      "idropout" : null,
      "iupdater" : {
        "@class" : "org.nd4j.linalg.learning.config.Nesterovs",
        "learningRate" : 0.001,
        "momentum" : 0.99
      },
      "layerName" : "layer3",
      "nin" : 50,
      "nout" : 50,
      "regularization" : [ {
        "@class" : "org.nd4j.linalg.learning.regularization.WeightDecay",
        "applyLR" : true,
        "coeff" : {
          "@class" : "org.nd4j.linalg.schedule.FixedSchedule",
          "value" : 1.0E-5
        }
      } ],
      "regularizationBias" : [ ],
      "weightInitFn" : {
        "@class" : "org.deeplearning4j.nn.weights.WeightInitNormal"
      },
      "weightNoise" : null
    },
    "maxNumLineSearchIterations" : 5,
    "miniBatch" : true,
    "minimize" : true,
    "optimizationAlgo" : "STOCHASTIC_GRADIENT_DESCENT",
    "seed" : 12345,
    "stepFunction" : null,
    "variables" : [ "W", "b" ]
  }, {
    "cacheMode" : "NONE",
    "dataType" : "FLOAT",
    "epochCount" : 0,
    "iterationCount" : 0,
    "layer" : {
      "@class" : "org.deeplearning4j.nn.conf.layers.DenseLayer",
      "activationFn" : {
        "@class" : "org.nd4j.linalg.activations.impl.ActivationLReLU",
        "alpha" : 0.01
      },
      "biasInit" : 0.0,
      "biasUpdater" : null,
      "constraints" : null,
      "gainInit" : 1.0,
      "gradientNormalization" : "None",
      "gradientNormalizationThreshold" : 1.0,
      "hasBias" : true,
      "hasLayerNorm" : false,
      "idropout" : null,
      "iupdater" : {
        "@class" : "org.nd4j.linalg.learning.config.Nesterovs",
        "learningRate" : 0.001,
        "momentum" : 0.99
      },
      "layerName" : "layer4",
      "nin" : 50,
      "nout" : 50,
      "regularization" : [ {
        "@class" : "org.nd4j.linalg.learning.regularization.WeightDecay",
        "applyLR" : true,
        "coeff" : {
          "@class" : "org.nd4j.linalg.schedule.FixedSchedule",
          "value" : 1.0E-5
        }
      } ],
      "regularizationBias" : [ ],
      "weightInitFn" : {
        "@class" : "org.deeplearning4j.nn.weights.WeightInitNormal"
      },
      "weightNoise" : null
    },
    "maxNumLineSearchIterations" : 5,
    "miniBatch" : true,
    "minimize" : true,
    "optimizationAlgo" : "STOCHASTIC_GRADIENT_DESCENT",
    "seed" : 12345,
    "stepFunction" : null,
    "variables" : [ "W", "b" ]
  }, {
    "cacheMode" : "NONE",
    "dataType" : "FLOAT",
    "epochCount" : 0,
    "iterationCount" : 0,
    "layer" : {
      "@class" : "org.deeplearning4j.nn.conf.layers.DenseLayer",
      "activationFn" : {
        "@class" : "org.nd4j.linalg.activations.impl.ActivationLReLU",
        "alpha" : 0.01
      },
      "biasInit" : 0.0,
      "biasUpdater" : null,
      "constraints" : null,
      "gainInit" : 1.0,
      "gradientNormalization" : "None",
      "gradientNormalizationThreshold" : 1.0,
      "hasBias" : true,
      "hasLayerNorm" : false,
      "idropout" : null,
      "iupdater" : {
        "@class" : "org.nd4j.linalg.learning.config.Nesterovs",
        "learningRate" : 0.001,
        "momentum" : 0.99
      },
      "layerName" : "layer5",
      "nin" : 50,
      "nout" : 50,
      "regularization" : [ {
        "@class" : "org.nd4j.linalg.learning.regularization.WeightDecay",
        "applyLR" : true,
        "coeff" : {
          "@class" : "org.nd4j.linalg.schedule.FixedSchedule",
          "value" : 1.0E-5
        }
      } ],
      "regularizationBias" : [ ],
      "weightInitFn" : {
        "@class" : "org.deeplearning4j.nn.weights.WeightInitNormal"
      },
      "weightNoise" : null
    },
    "maxNumLineSearchIterations" : 5,
    "miniBatch" : true,
    "minimize" : true,
    "optimizationAlgo" : "STOCHASTIC_GRADIENT_DESCENT",
    "seed" : 12345,
    "stepFunction" : null,
    "variables" : [ "W", "b" ]
  }, {
    "cacheMode" : "NONE",
    "dataType" : "FLOAT",
    "epochCount" : 0,
    "iterationCount" : 0,
    "layer" : {
      "@class" : "org.deeplearning4j.nn.conf.layers.DenseLayer",
      "activationFn" : {
        "@class" : "org.nd4j.linalg.activations.impl.ActivationLReLU",
        "alpha" : 0.01
      },
      "biasInit" : 0.0,
      "biasUpdater" : null,
      "constraints" : null,
      "gainInit" : 1.0,
      "gradientNormalization" : "None",
      "gradientNormalizationThreshold" : 1.0,
      "hasBias" : true,
      "hasLayerNorm" : false,
      "idropout" : null,
      "iupdater" : {
        "@class" : "org.nd4j.linalg.learning.config.Nesterovs",
        "learningRate" : 0.001,
        "momentum" : 0.99
      },
      "layerName" : "layer6",
      "nin" : 50,
      "nout" : 50,
      "regularization" : [ {
        "@class" : "org.nd4j.linalg.learning.regularization.WeightDecay",
        "applyLR" : true,
        "coeff" : {
          "@class" : "org.nd4j.linalg.schedule.FixedSchedule",
          "value" : 1.0E-5
        }
      } ],
      "regularizationBias" : [ ],
      "weightInitFn" : {
        "@class" : "org.deeplearning4j.nn.weights.WeightInitNormal"
      },
      "weightNoise" : null
    },
    "maxNumLineSearchIterations" : 5,
    "miniBatch" : true,
    "minimize" : true,
    "optimizationAlgo" : "STOCHASTIC_GRADIENT_DESCENT",
    "seed" : 12345,
    "stepFunction" : null,
    "variables" : [ "W", "b" ]
  }, {
    "cacheMode" : "NONE",
    "dataType" : "FLOAT",
    "epochCount" : 0,
    "iterationCount" : 0,
    "layer" : {
      "@class" : "org.deeplearning4j.nn.conf.layers.DenseLayer",
      "activationFn" : {
        "@class" : "org.nd4j.linalg.activations.impl.ActivationLReLU",
        "alpha" : 0.01
      },
      "biasInit" : 0.0,
      "biasUpdater" : null,
      "constraints" : null,
      "gainInit" : 1.0,
      "gradientNormalization" : "None",
      "gradientNormalizationThreshold" : 1.0,
      "hasBias" : true,
      "hasLayerNorm" : false,
      "idropout" : null,
      "iupdater" : {
        "@class" : "org.nd4j.linalg.learning.config.Nesterovs",
        "learningRate" : 0.001,
        "momentum" : 0.99
      },
      "layerName" : "layer7",
      "nin" : 50,
      "nout" : 50,
      "regularization" : [ {
        "@class" : "org.nd4j.linalg.learning.regularization.WeightDecay",
        "applyLR" : true,
        "coeff" : {
          "@class" : "org.nd4j.linalg.schedule.FixedSchedule",
          "value" : 1.0E-5
        }
      } ],
      "regularizationBias" : [ ],
      "weightInitFn" : {
        "@class" : "org.deeplearning4j.nn.weights.WeightInitNormal"
      },
      "weightNoise" : null
    },
    "maxNumLineSearchIterations" : 5,
    "miniBatch" : true,
    "minimize" : true,
    "optimizationAlgo" : "STOCHASTIC_GRADIENT_DESCENT",
    "seed" : 12345,
    "stepFunction" : null,
    "variables" : [ "W", "b" ]
  }, {
    "cacheMode" : "NONE",
    "dataType" : "FLOAT",
    "epochCount" : 0,
    "iterationCount" : 0,
    "layer" : {
      "@class" : "org.deeplearning4j.nn.conf.layers.OutputLayer",
      "activationFn" : {
        "@class" : "org.nd4j.linalg.activations.impl.ActivationIdentity"
      },
      "biasInit" : 0.0,
      "biasUpdater" : null,
      "constraints" : null,
      "gainInit" : 1.0,
      "gradientNormalization" : "None",
      "gradientNormalizationThreshold" : 1.0,
      "hasBias" : true,
      "idropout" : null,
      "iupdater" : {
        "@class" : "org.nd4j.linalg.learning.config.Nesterovs",
        "learningRate" : 0.001,
        "momentum" : 0.99
      },
      "layerName" : "layer8",
      "lossFn" : {
        "@class" : "org.nd4j.linalg.lossfunctions.impl.LossMAE"
      },
      "nin" : 50,
      "nout" : 2,
      "regularization" : [ {
        "@class" : "org.nd4j.linalg.learning.regularization.WeightDecay",
        "applyLR" : true,
        "coeff" : {
          "@class" : "org.nd4j.linalg.schedule.FixedSchedule",
          "value" : 1.0E-5
        }
      } ],
      "regularizationBias" : [ ],
      "weightInitFn" : {
        "@class" : "org.deeplearning4j.nn.weights.WeightInitNormal"
      },
      "weightNoise" : null
    },
    "maxNumLineSearchIterations" : 5,
    "miniBatch" : true,
    "minimize" : true,
    "optimizationAlgo" : "STOCHASTIC_GRADIENT_DESCENT",
    "seed" : 12345,
    "stepFunction" : null,
    "variables" : [ "W", "b" ]
  } ],
  "dataType" : "FLOAT",
  "epochCount" : 0,
  "inferenceWorkspaceMode" : "ENABLED",
  "inputPreProcessors" : { },
  "iterationCount" : 50000,
  "tbpttBackLength" : 20,
  "tbpttFwdLength" : 20,
  "trainingWorkspaceMode" : "ENABLED",
  "validateOutputLayerConfig" : true
}